"","ID","AIC","lnB0","E","B0"
"1","3",-14.7622368598374,-16.4892415578737,0.0973597460021134,6.89943266720589e-08
"2","4",-1.33066213240025,-18.7189081678899,0.625809022655509,7.42132541849286e-09
"3","5",-18.7080705812879,-19.1566732715756,0.593800163766064,4.79029772666318e-09
"4","6",0.598507755122423,-20.3216601306128,0.626632992862772,1.4942220542171e-09
"5","11",10.5052665023273,-14.9923648145392,0.367879224767909,3.08246880637608e-07
"6","12",15.5220225172178,-17.403986343944,0.639781897835813,2.76404282603227e-08
"7","13",13.036214248975,-10.3571714684694,0.0894778472255165,3.17641752253795e-05
"8","14",6.87979881742244,-14.4866247494814,0.532489116332307,5.11138753935323e-07
"9","16",-3.53635330915664,-13.2524544419663,0.402712791692367,1.75603094237117e-06
"10","17",14.8565227637005,-13.2345622710836,0.15032779964956,1.78773291086196e-06
"11","18",1.56274898021174,-15.3889339874266,0.462719491586793,2.07334172091404e-07
"12","19",10.3621391645609,-12.9806623674272,0.0693997546907464,2.30446418226145e-06
"13","20",-9.73422527217321,-14.657464883548,0.50182435743372,4.30867644406687e-07
"14","22",-5.93049229437665,-14.7876551904916,0.483314939943736,3.78270915452935e-07
"15","26",NA,NA,NA,NA
"16","28",7.51125238805115,-0.401243155888529,0.257751056503601,0.669487251477193
"17","29",7.84784285682939,-0.864876840130048,0.264619619268151,0.421103412475246
"18","31",-2.05173870519933,-0.830926599380382,0.451312444327254,0.435645430458206
"19","34",7.75352653738862,-0.122730721124029,0.30720204671508,0.884501808148286
"20","37",4.73812903545845,0.572351135261035,0.108408386382496,1.77242937762784
"21","38",24.8602203499456,0.676409740623309,0.197720815955819,1.96680370558777
"22","40",11.6921661778619,0.290911378710541,0.213553559086646,1.33764603478068
"23","41",27.0241299702632,0.73397557732789,0.155878847347805,2.08334667139205
"24","43",3.78662080998535,0.139522640310952,0.36380436975423,1.14972483555119
"25","46",13.6008445073741,0.694126694861926,0.19808612299501,2.00195998836557
"26","53",18.132132814843,-13.184356715741,0.603136621973452,1.87977829599056e-06
"27","54",20.1838641008162,-13.7357173805536,0.72598887579189,1.08306304260621e-06
"28","55",19.3405317878787,-13.1166772093618,0.590809466983378,2.01140472996193e-06
"29","56",18.0982296972019,-13.7116289194842,0.661242915030338,1.10946912869132e-06
"30","57",14.7721736308176,-13.5985013613377,0.655905906424027,1.24235552756513e-06
"31","58",18.0002123449874,-13.3390357968139,0.71054831393769,1.61038738386488e-06
"32","59",13.4793261357017,-14.4351961555472,0.318651069871432,5.38113595216486e-07
"33","60",18.4254921534414,-13.893172549081,0.801478862353936,9.25277125580995e-07
"34","62",NA,NA,NA,NA
"35","63",20.0391920973291,-14.2751773313483,0.719105679862502,6.31494041072579e-07
"36","65",17.537067443649,-13.188847886348,0.497072214229921,1.87135482075108e-06
"37","66",9.54231363858775,-12.7267948314827,0.251062280527949,2.97045674290738e-06
"38","67",NA,NA,NA,NA
"39","68",21.8842646686512,-13.4258532430693,0.44452107480294,1.47647474127745e-06
"40","69",25.6056227238003,-14.3631681417709,0.777812536261321,5.78302851032612e-07
"41","70",16.659776443914,-13.2689769660436,0.467484326092161,1.72725525695191e-06
"42","71",20.3994609937818,-13.3632321489575,0.406404839494299,1.57188951586239e-06
"43","72",20.8604792819861,-13.2863356299552,0.451240286809928,1.697531145266e-06
"44","74",18.3199977130731,-12.940270820417,0.359120394331767,2.39945046338828e-06
"45","75",21.2091420934555,-13.620006553548,0.352026169039142,1.21592366297698e-06
"46","81",14.4216842903943,-9.11166716593248,0.150427539453996,0.00011037055563124
"47","85",-3.63926043856793,-13.2653250246678,0.180469280807269,1.73357462384676e-06
"48","86",-15.4946434483391,-12.1153006622988,0.162391321401859,5.4750964701471e-06
"49","87",0.67507275586084,-11.7501064717796,0.0770936387050662,7.88848488146202e-06
"50","90",1.19633320934587,-12.3192797017266,0.0145025527631187,4.46482873440934e-06
"51","93",-1.66155740646445,-12.5765833546087,0.1009634942589,3.4519082820424e-06
"52","96",-24.5035119756278,-8.83149090991598,0.166688654150143,0.000146060314300474
"53","97",-7.48620544696074,-8.44174897588579,0.0244450923688592,0.000215672614025657
"54","98",-6.2776067670627,-8.32106721797855,0.0417850887895317,0.00024333603301275
"55","101",-5.61086935266502,-9.66239929524613,0.0689817431776026,6.36316674761238e-05
"56","106",-32.3334527976776,-14.9022050883963,0.464543001527283,3.37329685892794e-07
"57","107",3.324427576999,-11.4926103562728,0.421648208007564,1.02052286499711e-05
"58","108",8.09517123184949,-15.0365430250601,0.320997325192631,2.94925508792785e-07
"59","109",2.18824442928966,-11.5547901814319,0.0862104009466951,9.58999508644046e-06
"60","111",-9.06090909663559,-14.0982673267201,0.820965729011526,7.53703089706658e-07
"61","112",8.78153986673037,-11.2361700710556,0.0918018685313853,1.31884373437406e-05
"62","113",-10.6430792333368,-13.3630764209725,0.720047472064599,1.57213432211035e-06
"63","114",5.55160734596575,-11.4224187036649,0.124206678372325,1.09472890941305e-05
"64","115",3.81383353076477,-14.3040925275543,0.809127868684257,6.1349573327029e-07
"65","126",-3.51572827269121,-13.0455098481172,0.333436986554822,2.15976778688915e-06
"66","132",19.1567640853787,-15.8512933646281,1.36472974698754,1.30578224980648e-07
"67","133",16.7233032178648,-14.9356751627347,1.28356210925112,3.26226091832349e-07
"68","136",NA,NA,NA,NA
"69","137",17.2006610754592,-16.8195754874975,1.41586226196699,4.95850982186002e-08
"70","143",21.3409278915632,-13.4658346578484,0.128443709573203,1.41860770348714e-06
"71","144",7.60116373752659,-4.53657853808843,0.185068389037519,0.0107099877524157
"72","145",-5.31238550011459,-6.4552445620846,0.257417670743369,0.00157225472061863
"73","146",3.1796966091505,-5.05228987899723,0.29342039109076,0.00639467363920947
"74","147",8.69107721313866,-6.33574845068472,0.285428921657153,0.0017718192228969
"75","148",20.1495267301582,-6.2051975798445,0.592206914495106,0.00201890987346186
"76","149",9.13320400730256,-9.72021630152513,0.630980976393277,6.00570087191635e-05
"77","150",2.7120933458175,-14.9048335349335,0.391323657727824,3.36444197087804e-07
"78","151",4.35949721994847,-15.1688492041494,0.419009058024896,2.5837619235043e-07
"79","152",8.39330951510307,-13.3388387481145,0.333792717043609,1.6107047398707e-06
"80","153",13.4508620472137,-13.1644798416709,0.270508423514212,1.917516226019e-06
"81","154",4.87312941344875,-13.4523643847001,0.365211811209945,1.43784601852696e-06
"82","155",-6.47795830089173,-13.6254494994564,0.435443699486308,1.20932343488752e-06
"83","156",27.4977782846264,-12.4732107682225,0.312091475923216,3.8278366097134e-06
"84","157",24.117999873392,-12.6501545388808,0.358213043411208,3.20706445612814e-06
"85","174",8.27293688975311,-9.87439514768538,0.138402076191688,5.14759861348111e-05
"86","175",6.23087499748596,-10.176067544914,0.123739318816728,3.80706259770542e-05
"87","176",8.94877685753774,-10.5344349188438,0.0424199658516773,2.66043740202398e-05
"88","177",7.68165227424019,-10.1905759751689,0.0921948742378451,3.75222684773991e-05
"89","179",4.7827619683487,-9.8768416255625,0.108634445960264,5.13502051964071e-05
"90","181",5.92059298180995,-10.2405689954739,0.0770752643592162,3.56925349718564e-05
"91","182",12.2788997569312,-10.2374805836747,0.133648254829721,3.58029386162078e-05
"92","183",7.81419411041629,-10.1496620291226,0.0269517350254879,3.90892904852865e-05
"93","184",-0.0592007433506927,-13.7381771317768,0.704869996959197,1.08040225074689e-06
"94","185",-11.8117608841071,-13.7465955376987,0.57899161466337,1.07134516265246e-06
"95","186",-20.4064634851935,-13.8417959121278,0.593244541028105,9.74057098699033e-07
"96","187",-9.53084300274532,-13.6621127720724,0.545423046185052,1.16578862098779e-06
"97","188",-13.7309830860855,-13.6349769599389,0.588470068100001,1.19785636641297e-06
"98","189",-13.3575676562692,-13.1352548653965,0.561786870319158,1.97438250262645e-06
"99","190",-13.0042926990472,-13.7034781875636,0.611656773322174,1.11854906794057e-06
"100","191",-17.1804369560976,-13.6248753904846,0.57380720487323,1.21001791765657e-06
"101","192",-14.9334380769572,-13.5602030067025,0.602692853255605,1.29085856500984e-06
"102","193",-2.0633795453821,-14.0295561229483,0.671102878309655,8.07311599044461e-07
"103","194",-9.23688702407581,-15.3185251700453,0.577761256712445,2.22458522144662e-07
"104","195",NA,NA,NA,NA
"105","196",20.4096538344299,-17.8793286861669,0.986616369730635,1.71832857181195e-08
"106","197",6.63460003825884,-16.1202357946766,0.444499673284411,9.97862144756424e-08
"107","198",5.02929521146698,-15.2006994848085,0.158612488070261,2.50276511373331e-07
"108","199",7.49223704597292,-14.9861437314333,0.120011134503614,3.10170487353879e-07
"109","200",12.2717888485653,-14.9898898839291,0.209637279407218,3.09010715106713e-07
"110","202",-7.47653128991836,-10.9203713363767,0.0854556787567759,1.80860192302978e-05
"111","207",-12.8229663780255,-14.3586564350389,0.442120845878614,5.8091787858156e-07
"112","208",-11.5485044717584,-14.0956084703421,0.36342116490689,7.55709744495182e-07
"113","209",-14.4073783399738,-14.340707312532,0.456344834984826,5.91438984596297e-07
"114","210",9.46234112006725,-7.45871384711373,0.285026373217555,0.000576397029660046
"115","211",4.49783803126234,-8.023618945289,0.186667734181355,0.000327632191785696
"116","212",15.2191180374778,-10.0184356133482,0.578521540943696,4.45706220971431e-05
"117","213",12.4742372848017,-10.4979225983094,0.51289631113839,2.75937130754652e-05
"118","221",-5.49814464085436,-12.3958590659982,0.187154298474153,4.13567887175417e-06
"119","222",-8.57537383745948,-6.65073342468662,0.503604172475531,0.00129307338565845
"120","229",-18.166260627612,-14.7733610544685,0.461374061520259,3.83716800758638e-07
"121","230",-34.7252747905325,-14.0448120880491,0.14379749004217,7.95088754177109e-07
"122","231",-14.0837722220297,-16.7090809531219,0.798787738379348,5.53781373849255e-08
"123","232",-17.4891753217637,-14.9841315638979,0.254436087141952,3.10795230672292e-07
"124","234",-13.3061776192909,-14.9941259866673,0.445085047338653,3.07704482591215e-07
"125","237",34.8433827886587,-11.9068395989926,0.383729726329058,6.74411962796835e-06
"126","238",8.566429580753,-11.9738346100371,0.252875699491711,6.30709977907843e-06
"127","239",31.3561262949186,-12.6586373609462,0.617396520844522,3.17997456082053e-06
"128","240",-15.198617084382,-15.6753346357761,0.623650119542017,1.55700019046839e-07
"129","241",1.13452394914454,-14.9314280742353,0.503519504257665,3.27614549278942e-07
"130","242",-0.787688105528419,-11.12597223219,0.27776673638113,1.47248762551044e-05
"131","244",-4.97032320849034,-10.8259681256248,0.116770748764839,1.98765855277469e-05
"132","246",-1.87994625914878,-11.5791326392841,0.297843904347533,9.35936942110634e-06
"133","248",-23.1595806246707,-13.379672275317,0.248519340437275,1.54625871766263e-06
"134","250",-26.12560863146,-15.03017722948,0.337011938047121,2.9680893267861e-07
"135","251",-21.5140202837506,-14.8671751161235,0.322672683129467,3.49355741902442e-07
"136","252",-30.4378273797012,-15.2954879765643,0.434517890822554,2.27642828819552e-07
"137","253",-17.1661656815257,-14.9780309581212,0.346487936352645,3.1269706512458e-07
"138","261",23.5174614546917,-18.5144473158769,1.24159105316334,9.10495272596085e-09
"139","262",9.38786468299652,-16.3577884796962,0.59997582749618,7.86869527654088e-08
"140","263",23.9880862739072,-17.3394636343874,1.34082770707742,2.9482657306568e-08
"141","264",14.2705834693926,-14.1358499881109,0.251281239539561,7.25902602025677e-07
"142","265",17.9325186935512,-17.2829684833972,0.954647980101384,3.11962330999079e-08
"143","268",-16.1487365321705,-5.3527771194447,0.0391376910697001,0.00473498310980874
"144","274",-5.48025591157486,-4.94437490652238,0.61753756132495,0.00712336604230768
"145","275",-8.46316883502438,-4.99899083318466,0.614825044127415,0.00674475014377706
"146","276",-4.34308726656747,-6.60440757295823,0.662896697856377,0.0013543853105107
"147","277",-0.439054605281837,-7.06428491313417,0.74907961174322,0.000855106176980986
"148","280",-4.64158508963423,-5.14236775530946,0.14768174043695,0.00584383654434493
"149","281",-0.69135650111115,-38.1750130104969,0.576035356580123,2.6351327768017e-17
"150","290",7.01368678635145,-5.22265137512698,0.272667998184105,0.00539301125789959
"151","293",5.64170389503698,-7.62100845332162,0.431112512720622,0.000490047391925295
"152","294",1.28624724622333,-7.3764155319296,0.302160075384554,0.000625840174395256
"153","295",9.59243714720724,-7.22721423960371,0.29140789084182,0.00072654201859701
"154","302",-3.46149326014661,-12.019204400837,0.260451282920152,6.0273422386055e-06
"155","303",-22.4950413971156,-13.9297177868945,0.347777529058016,8.9207307337786e-07
"156","304",-10.947209392377,-15.1819935679628,0.345547882218043,2.55002224585118e-07
"157","305",-2.36898717047021,-15.7259032548215,0.539379358486403,1.48022247309339e-07
"158","306",13.9629083369693,-17.1850324559087,0.334755376678345,3.44060830308235e-08
"159","307",7.42565633049438,-17.9722878288407,0.381951929059137,1.56579379884924e-08
"160","308",26.7240560433705,-14.7549391157318,0.283866224271549,3.9085112039199e-07
"161","310",13.1946545507924,-12.1378565501705,0.228712084856619,5.35298317224191e-06
"162","311",20.5415005720339,-12.4208060853173,0.404281803447283,4.03378230346005e-06
"163","312",NA,NA,NA,NA
"164","313",NA,NA,NA,NA
"165","314",-3.44774469252474,-10.5666323741098,0.0832028255058742,2.57614241196109e-05
"166","316",-4.27150351381161,-14.537013131598,0.464482146591808,4.86021424055871e-07
"167","317",-1.86782481290939,-14.5498526835217,0.468869316682831,4.79821017148871e-07
"168","320",-12.0084693619958,-16.0836490128693,0.69574129982263,1.03504679482749e-07
"169","321",-29.0217297489852,-15.9314995135111,0.517750491607113,1.20514047564555e-07
"170","323",20.4514234082273,-12.7619038503394,0.16340784509776,2.86797643915405e-06
"171","324",-0.0892333705305077,-12.3803111933045,0.343846462832414,4.20048235305197e-06
"172","326",-4.63648270024782,-11.5198679280456,0.248384498069435,9.93081580149527e-06
"173","328",0.708258790415561,-11.7619307848663,0.407772270587836,7.79575826111321e-06
"174","329",-5.71705484933542,-11.5920807821142,0.266062667961201,9.23896416348009e-06
"175","330",-4.17564455181544,-11.6329100964171,0.471039594003479,8.8693406750575e-06
"176","331",-0.99124680218956,-11.1920792353632,0.273601769222619,1.3782936238457e-05
"177","332",3.34080133252225,-11.0701757484944,0.285911389500959,1.55698259847976e-05
"178","333",0.486993133918013,-10.954146990686,0.137182627200739,1.74853531439661e-05
"179","334",0.823909460991656,-10.809186816847,0.268763153954545,2.02129551141001e-05
"180","335",-3.81023079981724,-10.7125228523118,0.126765648624206,2.22643713984296e-05
"181","336",-8.80263218140216,-11.3146526296858,0.426003984685548,1.2192950151464e-05
"182","337",-6.38480826897897,-11.03352757233,0.248419491864019,1.61510164478291e-05
"183","340",13.504296857674,-1.77208033597141,0.329760665261708,0.169979007309543
"184","341",13.5744942497314,-2.1462788098881,0.425081446423591,0.116918424963866
"185","342",-14.3070245884714,-4.87019836422742,0.349185789626258,0.00767184331767562
"186","343",-15.3030867139469,-12.8422352029693,0.492530250421072,2.64659882924544e-06
"187","344",-0.934620136174524,-4.05763595930505,0.181791794035909,0.017289844736184
"188","346",3.52641351249141,-15.0407037347381,0.520602997770115,2.93700958639451e-07
"189","350",6.17555232127711,0.683907091626267,0.767904755165363,1.98160493901189
"190","351",-0.544192640088323,-11.1541821259825,0.309431417928289,1.43152933664802e-05
"191","354",-4.91790529732607,-10.3975226639644,0.173008342686809,3.05079679573987e-05
"192","361",0.155034298718395,-9.96336272130934,0.265123524824885,4.70941051272155e-05
"193","362",-2.55585378643644,-10.3060200391549,0.0783927504567981,3.34312308610138e-05
"194","367",9.04161324759357,-12.5685251848271,0.253403530216267,3.47983671997127e-06
"195","370",7.72574573259694,-15.3808041810217,0.739392623695539,2.09026629123904e-07
"196","371",6.24727664524299,-15.2092078919504,0.713496991700817,2.48156090410909e-07
"197","372",2.71961560510318,-15.6127099086539,0.697517327642203,1.65762481316717e-07
"198","378",1.15714497088615,-16.6615127447314,0.574659197607358,5.8076034531627e-08
"199","380",10.2788788369395,-17.7011988285907,0.738713390031631,2.05336911602632e-08
"200","382",5.99610810301335,-16.8211314479043,0.647228417631548,4.95080057609659e-08
"201","384",-1.19188679676968,-15.1785948939241,0.444318328992317,2.55870368459002e-07
"202","385",-0.34634983538522,-10.5495923902406,0.16312311922752,2.62041597624504e-05
"203","387",15.5521790376925,-12.9053636532285,0.593643397550266,2.48468751893858e-06
"204","388",-4.44536957188247,-10.8045748451204,0.102323246694963,2.03063919900928e-05
"205","390",8.94517136027251,-13.3406291932785,0.559283091514783,1.60782344153156e-06
"206","391",-1.81425694430127,-10.9970333685134,0.155464326279907,1.67513221494402e-05
"207","393",5.15553319803914,-13.0652030745669,0.486468292395138,2.11765105905722e-06
"208","394",-1.55577442144376,-11.2344018865255,0.13643458169657,1.32117775634545e-05
"209","396",15.8542853135365,-14.2681059408941,0.685269821407621,6.35975408080416e-07
"210","399",5.19303381426569,-12.4626679574879,0.469332944409777,3.86840624985276e-06
"211","402",NA,NA,NA,NA
"212","405",3.83173424955143,-12.5322701961643,0.431958616797035,3.60831304221485e-06
"213","406",10.8973391938443,-10.7861543024508,0.0789800465748822,2.06839131476422e-05
"214","408",7.81385361413188,-12.7936364623432,0.415351357786473,2.77839686922657e-06
"215","411",9.34049667458349,-11.1535194014948,0.242152655086373,1.43247836063026e-05
"216","414",10.2406907925937,-12.1597320705519,0.364551140951244,5.23715539517175e-06
"217","415",5.16905422105369,-10.4746494331341,0.0964260463982397,2.82434373618537e-05
"218","417",11.0142812400767,-12.5170966196545,0.429857010569393,3.66348154953156e-06
"219","418",4.36650492206982,-10.3908299636348,0.0911461346665406,3.07128334315202e-05
"220","420",17.9448832120084,-13.11603305828,0.553813497625448,2.01270079588108e-06
"221","421",-0.505596362176099,-9.94840290144207,0.0656606642961311,4.78039205745597e-05
"222","423",9.72136797696606,-12.3217711109976,0.448018407867482,4.45371886407092e-06
"223","424",-6.57083907611756,-8.22663277482196,0.114110782631495,0.000267435330813949
"224","426",16.061177011698,-9.30841511686504,0.204778174461983,9.06581138914944e-05
"225","428",18.7371148199612,-8.77941764429679,0.00762961743980589,0.000153867664824775
"226","430",1.01024259530867,-8.52272402050994,0.2049412846011,0.00019889688755648
"227","431",16.0133524382912,-8.55459915454894,0.0894560028720857,0.000192656999553065
"228","432",-11.1979028412287,-8.98186774761298,0.283905721185126,0.000125667912226978
"229","433",17.7750866046894,-9.48608109016722,0.106259906011333,7.59009702659177e-05
"230","434",22.5313492026243,-9.06129005722175,0.0905042844285702,0.00011607313896547
"231","435",-3.09720702744241,-9.27139283946373,0.153359069154871,9.40773878439332e-05
"232","436",6.19082455395036,-9.53579684740457,0.296310792223907,7.22197612923787e-05
"233","437",8.05317126203234,-9.67499854357529,0.395672139188488,6.28349856310117e-05
"234","438",7.16454053096159,-9.18007404888243,0.312438372175215,0.000103072900434025
"235","439",12.5812850953393,-10.1396952732367,0.33076846867426,3.94808318587725e-05
"236","440",13.3153976229512,-9.46611954187426,0.238766599946413,7.74312941519388e-05
"237","443",23.6703391579154,-2.40000608209487,0.56424078759382,0.0907174015358921
"238","444",20.4789496524219,-0.725280191781238,0.12782385044592,0.484188884201454
"239","445",NA,NA,NA,NA
"240","446",18.2261248568342,-4.78446544401508,0.708595641562626,0.00835859068859967
"241","447",16.8006635176293,-8.96820968072547,0.0223096802764651,0.00012739606774512
"242","449",8.17563522044203,-11.7256390759633,0.446171075566445,8.08387617395184e-06
"243","450",8.73926482543787,-10.3754472958351,0.128025640331695,3.11889311840938e-05
"244","451",27.7111434209405,-5.06456546073717,0.798985561399056,0.00631665514119016
"245","454",20.3225011027254,-4.73076596996385,0.713480450833035,0.00881971281665185
"246","455",13.8506636060269,-10.0075163047507,0,4.5059969278531e-05
"247","456",10.2119657049936,-9.97673252440099,0.0988670631244682,4.64686565933923e-05
"248","457",8.20862804661513,-10.5111519157319,0.309140102769663,2.72310711280038e-05
"249","458",6.34752311678393,-11.4599867996399,0.436266568470633,1.05436497400873e-05
"250","459",11.5428987258539,1.49456833218514,0.898908116739553,4.4574120161925
"251","460",-5.93614714995808,1.30349168953624,0.629814152798398,3.68213110629685
"252","461",-8.36639153829356,0.982485764231396,0.617822874443681,2.67108769064608
"253","462",16.8214748951059,-14.5561039077314,0.442476020535868,4.76830904061075e-07
"254","463",15.9935723500086,-14.3909587268756,0.437123198896201,5.62452738481208e-07
"255","464",19.1848521255441,-13.3918540540549,0.357537252456813,1.52753680073768e-06
"256","465",16.6454084633199,-13.1388428417554,0.328726377977535,1.9673111583778e-06
"257","466",11.4153679678613,-14.0696241422821,0.462450969762679,7.75603700625834e-07
"258","467",11.0055973257891,-13.9999722847183,0.460103849718529,8.31551765475591e-07
"259","468",12.9495065196537,-12.9901225438059,0.395335675457481,2.28276633917054e-06
"260","469",6.51046112095178,-12.7003180950955,0.349681940075099,3.05015516430752e-06
"261","470",1.28671574013536,-11.227211796988,0.368498945144558,1.33071137542398e-05
"262","471",15.8028833233367,-10.3706127974842,0.277069209391242,3.13400790882268e-05
"263","472",2.49568435718354,-11.0323585111677,0.334259927314147,1.61699090150217e-05
"264","473",2.26507655913463,-10.6209807826756,0.27845575455557,2.43986981236777e-05
"265","474",9.98945344848049,-10.6078911079116,0.302301630277289,2.47201685282646e-05
"266","475",0.837934295973634,-10.9534056361064,0.363664980168115,1.74983207968163e-05
"267","476",7.1233161665268,-10.7955108977863,0.321641950378934,2.0491284720801e-05
"268","477",8.73463850299389,-10.9304347385659,0.401727149399313,1.79049250847045e-05
"269","478",3.76611422863707,-10.70755440659,0.294489938521424,2.23752659779802e-05
"270","479",-1.34690256693801,-11.3341270270874,0.334854273528379,1.19577969598847e-05
"271","480",-12.6854045508286,-11.0747102512494,0.390734419909738,1.54993843954645e-05
"272","481",-5.89122011934358,-11.4866904150235,0.613909314172435,1.02658221821279e-05
"273","482",-5.36110159801736,-11.4175923964731,0.568193850780781,1.10002517785018e-05
"274","483",8.80281423372778,-8.82861169198171,0.401840144566195,0.000146481459770751
"275","486",-65.4146489915894,-16.5721568213499,0.505814243974747,6.35043886174625e-08
"276","488",-43.2636506472906,-17.2040339122722,0.527797797443799,3.37584894407886e-08
"277","490",-57.0453372016111,-17.2123118009175,0.531634764629981,3.34801938634094e-08
"278","491",-14.3547231994906,-16.6654325620132,0.657397883272878,5.78488326736105e-08
"279","492",-8.42784123028053,-16.8274182614956,0.523778575139883,4.91977344882288e-08
"280","493",-15.4135536125459,-16.2571685395651,0.650960298784634,8.70164601061281e-08
"281","494",-10.6416510971542,-16.2401317710342,0.498644853626975,8.85116397453765e-08
"282","495",-13.8421762537607,-16.2617422161589,0.635226775831733,8.66193837009802e-08
"283","496",4.24151918825917,-17.2511112072747,0.760303705565284,3.22060598734529e-08
"284","497",-9.06845880761555,-16.8375933407312,0.705713474930524,4.86996818014079e-08
"285","498",-19.1628635740213,-13.4938822439533,0.653458867560176,1.37937198742368e-06
"286","499",-8.46516042819261,-14.0401118340536,0.523140181613421,7.98834669751633e-07
"287","500",-16.6092359872837,-13.7242312293137,0.657011721703541,1.09557498800455e-06
"288","501",-10.5722187923102,-13.5438871061424,0.494886380795108,1.31209284211039e-06
"289","502",-14.6762141919766,-13.5933664564225,0.630423605954187,1.24875131188892e-06
"290","503",4.42748980579876,-14.7428906372988,0.76444062295103,3.95588765079592e-07
"291","504",-8.23178960208374,-13.910693356931,0.702240353733993,9.09206717228065e-07
"292","506",6.05459527839874,-10.7391332201747,0.283167844219717,2.16797216569949e-05
"293","507",9.18353357520597,-2.9410897761155,0.520813286562702,0.0528081483104288
"294","508",-47.0376973566796,4.13598203006557,0.137727002566581,62.550987869499
"295","509",-22.0934612633437,3.89855505066569,0.204787655118018,49.3311166179084
"296","510",-24.6850222684236,4.59639181438913,0.00657655363206465,99.126004580872
"297","512",-35.4161415154797,3.94066752680108,0.19476433496985,51.4529360533782
"298","513",-22.0050008613407,3.82512633421768,0.227870176005729,45.8385909830806
"299","516",-24.7239804365265,3.85870844976627,0.25970947136479,47.4040870546851
"300","517",-24.497016879056,3.92849025499114,0.231682337390166,50.830179101464
"301","518",-37.047964633369,4.60220959769693,0,99.7043789928588
"302","520",-224.581256483117,-0.621356748067315,0.406588896032141,0.537215077409537
"303","521",-7.21596582576976,-11.5693011337849,0.676337547236204,9.45183993036206e-06
"304","522",2.86203917379813,-11.3366839387976,0.871599325664449,1.1927260984343e-05
"305","523",-18.229899626911,-14.9353848756083,0.554207150391188,3.26320804813405e-07
"306","524",NA,NA,NA,NA
"307","526",NA,NA,NA,NA
"308","527",NA,NA,NA,NA
"309","528",NA,NA,NA,NA
"310","529",NA,NA,NA,NA
"311","533",-8.08481149739378,-11.9723853045828,0.398907297869347,6.3162473203791e-06
"312","534",11.2672408624898,-11.2271500404476,0.0927900925223574,1.33079355809249e-05
"313","535",-34.7207197067229,-13.3409685935426,0.527743208464318,1.60727783842504e-06
"314","536",-17.1391844892259,-13.1275341890151,0.463106919393167,1.98968506804611e-06
"315","537",-2.26577128564596,-12.6543400631554,0.252334107626906,3.19366926250636e-06
"316","538",4.01580910282836,-15.326571889452,0.640930667069082,2.20675643619013e-07
"317","539",-8.51135483165246,-15.2133995005206,0.571139910337394,2.47118094172314e-07
"318","540",5.6484187863795,-15.2293051301099,0.671934911218571,2.43218619312967e-07
"319","541",5.93923943752665,-14.9223629056707,0.61962120671054,3.30597932397298e-07
"320","542",1.16977302949857,-14.3151069077736,0.490240976851927,6.06775535347817e-07
"321","543",-1.19574792147779,-15.9229697778496,0.626206195610014,1.21546397108972e-07
"322","544",-0.954945803980838,-15.7803281391369,0.676102234656216,1.40181456020405e-07
"323","545",2.87249955617293,-15.8192947566848,0.654159110437056,1.3482411542124e-07
"324","546",-16.7226345744635,-14.7180899769226,0.547850721432415,4.05522297625935e-07
"325","547",-9.87349689099231,-14.580547076548,0.617809144107005,4.65316937948498e-07
"326","548",-6.46516258206321,-9.00317531352316,0.311154048756851,0.000123018560755722
"327","549",-7.16046364215575,-9.39803572021545,0.415663853705232,8.28867184619098e-05
"328","550",-7.03212528346703,-8.8903537140494,0.268152014340745,0.000137710939071907
"329","552",10.1876446468724,-8.54504828714972,0.162662696043134,0.000194505856046708
"330","553",-0.402976456326589,-8.64817510886462,0.25030568673667,0.000175446727374028
"331","554",4.30494516921797,-8.49015358898593,0.280747478210866,0.000205481697966188
"332","555",3.98707006614404,-8.62949314023105,0.287875618130345,0.000178755226039835
"333","556",3.94106998091057,-8.79898973595037,0.279882519354237,0.000150885432249855
"334","557",-7.15340588439122,-13.9911283561452,0.234934865892455,8.38938565915536e-07
"335","558",-0.197199095367653,-13.993328956469,0.247060961942923,8.37094427285949e-07
"336","559",-7.24648129049688,-14.3998055474572,0.334585899350155,5.57498765782747e-07
"337","560",2.93667217972432,-14.1780647831374,0.272153044704532,6.95896577543156e-07
"338","561",-3.85530084537636,-14.5191010593433,0.355763521351092,4.94805510660251e-07
"339","562",-0.913761292357425,-14.0639325789346,0.247097211786125,7.80030684499541e-07
"340","563",3.94476868955644,-14.2342365231204,0.285510912002287,6.57884453831724e-07
"341","564",1.19202312288467,-13.4433193652398,0.625846367593261,1.45091035828045e-06
"342","565",5.85556082863115,-12.2569542490307,0.101750315542898,4.7519559343061e-06
"343","566",-4.85712942481688,-12.4711088957478,0.126811803623696,3.83589069548648e-06
"344","567",4.40949842261273,-14.1718759905821,0.848524401757616,7.00216691457154e-07
"345","568",-1.42307128191844,-12.0743990010821,0,5.70367986496916e-06
"346","569",16.6036478820602,-14.4667239571775,0.761136842087932,5.21412710984659e-07
"347","570",-13.8564356510031,-14.6981567842549,0.356386517988537,4.1368675321713e-07
"348","571",0.508579603823531,-14.7229551523328,0.403069180866887,4.03554152084027e-07
"349","572",1.1401445535763,-14.3247019835091,0.284887133569368,6.00981320550454e-07
"350","574",10.8151616846381,-12.2655831489289,0.0996708163320632,4.7111281848384e-06
"351","578",4.50954702750685,-15.1452440557203,0.378804093942163,2.6454775447633e-07
"352","579",23.2391173038348,-15.2884840942513,0.536239526601077,2.29242808897586e-07
"353","580",14.1015531592996,-15.1371780002052,0.411510798088287,2.66690240439627e-07
"354","581",10.9824896500083,-15.4343298582824,0.472564906916205,1.98132496009478e-07
"355","582",5.77318951168959,-14.8890472383565,0.449534642307411,3.41797548587879e-07
"356","583",10.9153561127373,-13.5565428109696,1.04507907416373,1.29559201741794e-06
"357","588",15.5066103725286,-40.7557612558049,0.226730738542639,1.99525211958299e-18
"358","589",14.0910985811976,-40.5339040406837,0.263373534783102,2.49085900574072e-18
"359","594",13.6191021071051,-41.6975881505023,0.452589970747024,7.7797843273409e-19
"360","598",13.6679914357036,-12.7322281247264,0.456591405229627,2.95436114600051e-06
"361","599",-2.59671815164235,-15.6743071239341,0.260298745098298,1.55860084880896e-07
"362","600",-4.03916123579414,-15.8183866153054,0.140962511903964,1.34946610392351e-07
"363","601",9.23268964163072,-11.5272691289119,0.233888086868393,9.85758716318704e-06
"364","602",12.2292814598898,-11.4339297706503,0.188259698907564,1.08219966245481e-05
"365","603",2.66646892811308,-12.4686435046222,0.389801110264069,3.84535933351796e-06
"366","604",-9.80246766214348,-13.7015729355937,0.490681456929796,1.12068221720377e-06
"367","605",-56.2334807286096,-15.0562619705424,0.558051966504299,2.89166852673492e-07
"368","606",-42.3913141590305,-14.679558409496,0.500197518589411,4.21452647138691e-07
"369","607",-30.0543291786813,-15.0391898974259,0.461182217175036,2.94145910816907e-07
"370","608",-13.6596979534263,-15.1124856462903,0.41462404189534,2.73357425739731e-07
"371","609",9.61749460368804,-14.6941862419802,0.278090543265355,4.15332579207849e-07
"372","610",14.6175416464479,-15.7570019264084,0.466967950763835,1.4348979397401e-07
"373","611",-3.78457615193895,-15.1883742206131,0.230780811385902,2.53380323860225e-07
"374","612",2.69773600005376,-15.384293314699,0.259572393074124,2.08298578144987e-07
"375","613",-7.63271139594398,-13.649526090999,0.24020796253747,1.18055476398266e-06
"376","614",3.32082696700513,-13.8400038700561,0.18518068972741,9.758042149856e-07
"377","615",0.373149405757664,-13.4646489759,0.220105571105116,1.42029071859611e-06
"378","616",-2.87232280397413,-14.0163441592492,0.399168982572101,8.18048542455545e-07
"379","617",12.1965796150953,-13.0611492917767,0.213182470842035,2.12625297985561e-06
"380","618",12.4894692887164,-13.0587171232906,0.291287695401507,2.131430679313e-06
"381","621",-7.00886881142673,-11.8674529716846,0.246667192363043,7.01504821233314e-06
"382","622",1.73280669101042,-12.0228862099301,0.251351590022678,6.00519151753003e-06
"383","623",3.44721098890685,-12.3383668221512,0.202236556318335,4.3804161698103e-06
"384","624",-1.27887475782753,-13.3696354962247,0.244134474221064,1.56185631873179e-06
"385","625",2.39063034672291,-13.1823850199277,0.292207404534538,1.88348830328777e-06
"386","626",-0.641062054027311,-13.0976788984796,0.256765423379207,2.04998332605317e-06
"387","627",12.4244531092458,-14.3474158281854,0.557383107766029,5.87484585813554e-07
"388","628",9.98642650879879,-14.278024509498,0.530402684095482,6.29698622188755e-07
"389","629",5.20056336974189,-13.5788013094066,0.591700380636359,1.26707266100953e-06
"390","630",8.63875921857755,-14.1303737488298,0.581782635347552,7.29888722883258e-07
"391","631",5.57021833851175,-13.6732017452163,0.572529545854395,1.15293263386261e-06
"392","632",9.80207030508275,-14.3408442991284,0.649451767074192,5.91357970931853e-07
"393","633",46.9705967473532,-4.05517278882725,0.712224325395069,0.0173324850649444
"394","634",9.18575647505956,-13.9410468377623,0.534198862158927,8.820237642025e-07
"395","635",10.0333006165145,-14.7701449893303,0.664423748945258,3.8495284551936e-07
"396","636",1.05583857943879,-15.5269877707964,0.83903289474235,1.80598812589086e-07
"397","639",8.58605569501426,-14.6348189638511,0.699891985462856,4.40736359799571e-07
"398","640",3.75738689448951,-13.8959500246348,0.630510990281867,9.22710756647525e-07
"399","641",-4.63729766142964,-12.8267484169654,0.260606085656151,2.68790516456541e-06
"400","642",4.53633602604333,-13.667125020621,0.448332832497105,1.15996001807011e-06
"401","644",25.1126168572489,-13.6767068817192,0.86570767792225,1.14889852178933e-06
"402","646",-5.55978252963057,-6.65959769141675,0.25521357650096,0.00128166189025749
"403","647",5.54979511340844,-7.38087412211072,0.328460588893845,0.000623056020850758
"404","648",8.6139579300695,-8.78541833020645,0.667603888427388,0.000152947118014915
"405","661",0.625803163586677,-12.2487406852964,0.452178867062458,4.79114715670798e-06
"406","662",-7.00695711077313,-11.6183154605643,0.323015941891379,8.99973468448479e-06
"407","669",52.2153447877015,-15.5911568840528,0.694539275624409,1.69373943316647e-07
"408","670",48.3980871124785,-14.8063856573918,0.711350377176374,3.71251666707472e-07
"409","671",6.43435871342412,4.05089282971518,0.0666505847692031,57.4487260845274
"410","672",8.02633128259401,3.53801307637046,0.157324698896796,34.3985040450225
"411","675",1.06646351591113,-11.3062646706536,0.209999106522985,1.2295654254552e-05
"412","679",4.25194165008579,-11.3424507853962,0.305938917898696,1.18586762488027e-05
"413","680",2.63332763267832,-11.7871675928946,0.395525445417368,7.60147999919429e-06
"414","681",-3.79522854105335,-12.1541722107032,0.198903006711587,5.26635434098167e-06
"415","682",4.10001693285937,-12.8529463500297,0.152474753710848,2.61840199975064e-06
"416","683",-1.21142057908171,-11.6900121875008,0.237800015504235,8.37707133290294e-06
"417","685",-0.746930832537522,-11.6893800250418,0.242106748500652,8.3823686771309e-06
"418","687",-8.38772408190805,-11.2282344637695,0.287224216455584,1.32935119672788e-05
"419","691",11.2508287320169,-10.5596804382415,0.157694738197769,2.59411398502893e-05
"420","695",15.6409627649078,-13.7039402251397,0.279937670715422,1.11803237561522e-06
"421","703",2.68511585189564,-11.3522776354136,0.180780288590284,1.17427135232355e-05
"422","704",6.20354413945272,-12.0153937094171,0.300453475341431,6.05035439823139e-06
"423","705",5.84569971935,-12.3708205502556,0.395605274078079,4.240537405145e-06
"424","706",4.67404763210257,-11.5006197772681,0.345496157546938,1.01238171420981e-05
"425","707",4.8528319612387,-12.3255971781532,0.475745049378848,4.4367111935968e-06
"426","708",2.07766102372243,-12.6764088674646,0.538606251347157,3.12396082066927e-06
"427","713",4.4458265963481,-12.1029345329621,0.340241909828023,5.54322258122009e-06
"428","714",6.02629931289271,-12.2832269860541,0.364845717296076,4.62873481154313e-06
"429","715",3.70480088022389,-11.1525733452529,0.278482050783997,1.43383420697716e-05
"430","716",-5.17632296766275,-11.9294191837696,0.389873708729398,6.59354654321324e-06
"431","717",1.63762997520597,-12.2812840833534,0.439569472334085,4.6377367350081e-06
"432","722",2.19554070344205,-11.8586992137547,0.180654943542544,7.07672580776757e-06
"433","725",2.91729610668198,-11.7792371917862,0.277270843710958,7.66200245107088e-06
"434","732",3.56417369094367,-11.6961263251499,0.306714574580459,8.32600902573505e-06
"435","734",2.33846817312987,-11.3270163971284,0.273852780839058,1.20431274464142e-05
"436","735",-1.99233017331097,-10.8911748994014,0.203680372133618,1.86218506725786e-05
"437","736",3.84229686578992,-11.0791370802651,0.20286355579781,1.54309229163306e-05
"438","737",2.50101190994644,-11.3921822625802,0.302316807392961,1.12833512139767e-05
"439","738",-1.50656133897072,-10.7932554442759,0.0942632346961478,2.05375540203707e-05
"440","739",4.40656238351664,-11.1518881986263,0.308158355544265,1.43481693026347e-05
"441","740",0.203360152938714,-11.8070770124039,0.371574812957537,7.45163555261469e-06
"442","741",1.50344210614797,-11.9458082388559,0.411634654412433,6.48636524487748e-06
"443","742",0.280179260508233,-11.6317782537694,0.365244855033974,8.87938505634792e-06
"444","743",8.0476935098523,-12.8679336500463,0.498763693434555,2.57945183142247e-06
"445","745",-2.71372561415411,-12.7155621071086,0.360466325226537,3.00401116574991e-06
"446","746",9.80660183594767,-12.4538622133806,0.103823645550456,3.90262086688694e-06
"447","750",-2.72065966640724,-12.6128831115259,0.126944512242909,3.32885182233538e-06
"448","751",4.40865600062234,-12.8157186419695,0.0698628227414948,2.71771625633412e-06
"449","753",-1.92419937708819,-12.745590653539,0.124996331284713,2.91514600033168e-06
"450","756",2.74702167727409,-11.982913790359,0.416642662034391,6.25009564983774e-06
"451","757",4.52784017071433,-11.9987101978761,0.320894783591068,6.15214228439266e-06
"452","758",2.81351842483317,-12.3271139246485,0.423564620911636,4.42998692823544e-06
"453","759",5.6834110648585,-11.3963666709685,0.217901942154519,1.12362357085138e-05
"454","761",0.293926783323545,-11.2572822222294,0.0441016406861112,1.29129196797164e-05
"455","762",-1.28189155388519,-11.9637491008079,0.196478967363067,6.37103194441422e-06
"456","764",5.87086981263769,-12.3274146087133,0.288769213468279,4.4286551019983e-06
"457","765",-0.177527973215332,-11.9560509083213,0.182295570380206,6.42026664059904e-06
"458","767",1.07784491905149,-11.8005842812639,0.0807801205059118,7.50017442321423e-06
"459","771",2.44970594552374,-11.7901836542033,0.162038521404284,7.57858800865677e-06
"460","773",-8.69489757989043,-11.6015800545435,0.123884377818097,9.15161625355066e-06
"461","775",-6.33581592005088,-11.1847069582549,0.0719695658764345,1.38849233404406e-05
"462","776",-10.9362992355902,-11.4672983339172,0.0739980575554455,1.04668406220294e-05
"463","777",-1.93240420376844,-11.1578824994603,0.0994697751550031,1.42624193217692e-05
"464","779",7.58516044856311,-12.1068623896186,0.316081445403181,5.52149230215422e-06
"465","780",4.96127547637513,-12.5647353242277,0.340055760060543,3.49304983817186e-06
"466","781",-0.379352302345826,-11.5136550287813,0.0578072572610337,9.99270702255861e-06
"467","783",-0.119243737705409,-11.2083108432553,0.036206245612102,1.35610228991664e-05
"468","785",8.28592111963566,-11.7280523148648,0.0895832659275575,8.06439136969421e-06
"469","787",2.62162115323853,-11.4624113340655,0.100740514479486,1.05181172630132e-05
"470","789",3.46403506324779,-12.3083814028927,0.451981733960823,4.51375388842595e-06
"471","790",4.68369411271772,-11.9882086766192,0.339609011024127,6.21708956310711e-06
"472","791",3.17273706839135,-11.9354109043842,0.292057303637935,6.55415797495462e-06
"473","792",5.58278094556147,-11.7192368558079,0.162255966988881,8.13579695571795e-06
"474","796",-4.8467104033892,-12.0323411940189,0.372290630417387,5.9486801055259e-06
"475","797",-1.69909472844387,-12.0696851622853,0.370967513241591,5.73062956075955e-06
"476","798",1.04600042633623,-11.9712638947645,0.282298011549817,6.3233343951535e-06
"477","799",-20.0294935709057,-15.1938971890135,0.410082631346289,2.51984769686464e-07
"478","800",-7.2340542651819,-15.0789946450094,0.541593952874686,2.82667470801672e-07
"479","801",-19.360825260471,-14.8280622440594,0.459056831690073,3.63290791791336e-07
"480","802",-25.0001368058118,-15.0128547754298,0.499449991538717,3.01995181369255e-07
"481","803",-23.6305081676816,-14.9148379745758,0.498053611047155,3.33095042566532e-07
"482","809",-18.71207380671,-11.5498178432793,0.209411600585338,9.63779853385309e-06
"483","810",-13.0402865234642,-11.2092108107317,0.212170623353902,1.35488239097811e-05
"484","811",-12.1356012194406,-11.0941943507162,0.183787536101705,1.52003158500978e-05
"485","812",-17.3275526867673,-11.0988549157408,0.188238449315915,1.51296386155392e-05
"486","813",-9.7262040173136,-11.0292914851788,0.159223775293201,1.62195786763447e-05
"487","821",8.38940208564591,-9.81107557849364,0.0801542294210589,5.48408294490172e-05
"488","823",-0.416969611896773,-10.0876963498071,0.0876513218551302,4.15881058017298e-05
"489","825",11.7770753749031,-10.1901036998787,0.0840200005586114,3.75399935028495e-05
"490","829",5.28532124961705,-9.66649328617481,0.14830594748117,6.33716925373351e-05
"491","830",-1.73247667349584,-9.59746756903246,0.148121032062508,6.79004722031722e-05
"492","831",0.385384057510286,-9.58177381163553,0.0481304099268944,6.89744913957715e-05
"493","832",4.16233038572497,-9.71554315704721,0.223461782575397,6.03383205913838e-05
"494","833",11.7190680807848,-10.0661813507137,0.161691679710949,4.24925687308768e-05
"495","838",14.5535525187536,-12.0458571945597,0.326065846709193,5.86881866143214e-06
"496","839",4.87939121040486,-13.3962299653146,0.679686484507116,1.52086703903742e-06
"497","840",1.99285084779093,-12.8007409043087,0.403079167791269,2.75872786130413e-06
"498","841",10.3353019869068,-11.9333760815449,0.214205044614237,6.56750810326141e-06
"499","843",8.65403671426531,-5.06553261229732,0.240089649046485,0.00631054893160645
"500","844",17.1446878378508,-5.53867083015632,0.269226344313012,0.00393174932938946
"501","845",38.6270208798604,-5.60418976703516,0.389007970875886,0.00368240294012539
"502","846",41.197708527947,-5.16857084961682,0.603920645138285,0.00569269873097531
"503","847",40.1396539670597,-8.21130179906103,0.803221380658117,0.000271566965459348
"504","848",23.051136035471,-9.75453413776659,0.789318372692572,5.80309460124905e-05
"505","849",10.8317724147135,-10.1617449369411,0.745941252236096,3.86198201865799e-05
"506","850",-17.9642271809225,-6.37141375120184,0.370907263492058,0.00170974036863647
"507","851",12.730890787504,-10.2140519109208,0.986825077713238,3.66516573032229e-05
"508","876",-13.994507856866,-13.3536551020436,0.54057006558975,1.58701589289491e-06
"509","877",-12.4893314764481,-13.3860736793107,0.448020293197502,1.53639210471259e-06
"510","878",-12.1616438890139,-13.1247913011842,0.418598632202783,1.99515004248627e-06
"511","879",-16.7827006854832,-13.010613107139,0.511281593337374,2.23646713920055e-06
"512","880",-15.0087658417407,-13.1656992472924,0.443808973834994,1.91517942099987e-06
"513","881",-13.3539805660314,-13.0757460561312,0.480180087347566,2.09544198363774e-06
"514","882",-9.00647318227749,-12.9819393215675,0.429843614044254,2.30152336522661e-06
"515","883",-15.8826511559854,-12.9517878111819,0.336317475269434,2.37197453825107e-06
"516","884",-15.9070830992892,-12.8232841642781,0.370459081181252,2.69723289473363e-06
"517","885",-10.190676095716,-12.7931385220013,0.409079418921768,2.77978068961492e-06
"518","886",-13.7249987762655,-13.0919491690061,0.363497877729931,2.06176289056895e-06
"519","887",-22.1674053415636,-12.6826533935327,0.384802981584249,3.1045139473351e-06
"520","901",-10.5497989571107,-12.281306048889,0.112323030720403,4.63763486575555e-06
"521","902",-10.3182094131637,-14.3729862354103,0.421625501067289,5.72652801234499e-07
"522","903",-11.0311025229459,-14.491418890487,0.377649974520446,5.08694147252295e-07
"523","905",-0.247575360557945,-13.1480922701602,0.562595131812195,1.94919854943867e-06
"524","906",-1.43025530851191,-13.0506620691134,0.452604842829082,2.14866880271267e-06
"525","907",-6.74567308591647,-13.5715519238081,0.360868971096698,1.27629153452125e-06
"526","908",-8.13844554469251,-14.3586743072317,0.464687301985714,5.80907496397995e-07
"527","911",6.64106825810261,-14.2969170158674,0.165264293053581,6.17913710742652e-07
"528","913",18.3184072049922,-14.4260683634808,0.307541097223405,5.43047869477596e-07
"529","923",-14.0465515688724,3.65183055422894,0.4867828392955,38.5451605139606
"530","929",10.9155057864577,-13.5907693783011,0.118792250398769,1.25199863154634e-06
"531","930",-3.53618008083232,-11.9807557682302,0.243475933227124,6.26359805856591e-06
"532","931",-0.314385797504865,-11.7211447710019,0.165187473334515,8.12028934339999e-06
"533","932",-2.20817403948788,-12.3552546970065,0.281802851272873,4.30706139623064e-06
"534","933",0.666363794853833,-12.3126727062857,0.24708317118692,4.49442550269463e-06
"535","934",-23.9157625695113,-14.8827267578196,0.24198689959212,3.4396471489294e-07
"536","935",6.01366691371161,-11.3408783577405,0.158239914320082,1.18773378274423e-05
"537","936",-17.8036408627113,-12.6518609271522,0.542711092395708,3.20159662540256e-06
"538","937",-1.74319653634151,-16.9571182728194,0.891585949938445,4.32132674123841e-08
"539","938",-16.7913098854778,-16.2483696406145,0.771721337785233,8.7785487481179e-08
"540","939",10.7003863957838,1.67964000550289,0.416886710426411,5.36362474813409
"541","941",10.2917397875881,1.11788872147885,0.547749051460654,3.05839026842764
"542","948",1.76511559076371,-11.920678191715,0.46650023018048,6.65143330645838e-06
"543","949",5.00182909304486,-12.22124303741,0.453365388899662,4.92472049413816e-06
"544","952",26.2072906449509,-10.6318921032733,0.315946713281727,2.41339232549575e-05
"545","954",-Inf,-12.9661643777026,0.291328073014712,2.33811764460085e-06
"546","955",-Inf,-12.2739597891491,0.304720595917967,4.67182958391564e-06
"547","956",-Inf,-13.7982600726734,0.655384024944261,1.01740013417912e-06
"548","957",-Inf,-13.7653176783343,0.59562367021273,1.0514738847123e-06
"549","958",-Inf,-13.4008138896508,0.717082402613717,1.51391145372295e-06
"550","959",-Inf,-13.9103082881907,0.775059796184935,9.09556891729639e-07
"551","960",-Inf,-13.0857906267964,0.646171746576841,2.07449952364722e-06
"552","961",-Inf,-12.012680973757,0.00581986714326688,6.06678969258944e-06
"553","962",-Inf,-13.0454777281211,0.573932777780375,2.1598371597362e-06
"554","963",-Inf,-12.993778755258,0.573792819316827,2.27443530203602e-06
"555","964",-Inf,-11.0378344459174,0.0330813976953812,1.60816056407589e-05
"556","965",-Inf,-12.6019929363326,0.417891538036348,3.3653017144955e-06
"557","966",-Inf,-11.9707172089902,0.658742048603723,6.32679221719855e-06
"558","967",-Inf,-10.7393179118839,0.0337014584274624,2.1675717961884e-05
"559","968",-Inf,-11.3997102469322,0.254241711388396,1.11987292386837e-05
"560","969",-Inf,-12.2511359920635,0.385241521718883,4.77968462312404e-06
"561","970",-Inf,-14.3477608376516,1.20841406592285,5.87281933030776e-07
"562","971",-Inf,-13.79704434329,0.830182474993311,1.01863776957938e-06
"563","972",6.28153371836544,-9.77714731504656,0.473899394147726,5.67334079630502e-05
"564","973",8.66599451446001,-9.31959881106737,0.142651023467542,8.96498697248169e-05
"565","974",9.00805608415417,-9.93180332974641,0.421836422284936,4.86040678595671e-05
"566","975",14.0345313408917,-9.2918914552627,0.149364208884879,9.2168562592039e-05
"567","977",17.0507951126654,-11.9157164238382,0.388055577383739,6.68451818644383e-06
"568","978",8.22322418930675,-20.5147778090485,0.749324923326697,1.23181418256749e-09
"569","980",18.3818583284428,-18.3822713135248,0.178349264879415,1.03915660812618e-08
"570","981",20.8476779027888,-17.8236860762439,0.123434123238265,1.8166509483923e-08
"571","982",15.1917003787508,-18.8013580808411,0.825937032433888,6.83398361490437e-09
"572","983",14.3962651874218,-18.5246253491187,0.800413098033197,9.01275222029391e-09
"573","997",5.3430317099171,-13.6539940985117,0.702165235545465,1.17529180265881e-06
"574","1000",2.05954672047971,-11.672706063147,0.246789885353582,8.52330771378551e-06
"575","1001",-2.05863651386475,-11.0653911715926,0.100395343255287,1.56444995127343e-05
"576","1002",11.0817278179938,-11.5092751538984,0.241112832629104,1.00365698157124e-05
"577","1007",13.127750665179,-10.7186448218429,0.0629657886116772,2.21284859627477e-05
"578","1009",-3.7549670744724,-10.9810017358239,0.111371242063683,1.70220373988322e-05
"579","1024",2.72266870629601,-11.9863344271032,0.34318227676752,6.22875286676818e-06
"580","1025",-3.90242473745908,-11.4988373435285,0.316993044979133,1.01418782669426e-05
"581","1026",9.22552545085004,-29.9378020199489,0.225872980446346,9.95812979090587e-14
"582","1027",4.01645001877161,-31.3526202384444,0.442861211428909,2.41952457310159e-14
"583","1028",1.86532726290947,-30.3239967458014,0.438872810413423,6.76792510444953e-14
"584","1029",-3.01644117181768,-31.6689940709028,0.676340574906092,1.76331794622183e-14
"585","1031",-12.3036629677457,-31.8378747003172,0.4030808113483,1.48931547493462e-14
"586","1033",-1.81753900749027,-32.0188363461356,0.432422911918284,1.24278515763188e-14
"587","1039",0.978526325651867,-14.5140750136174,0.0971466058204475,4.97298685940335e-07
"588","1042",0.267094949165561,-14.2165527559862,0.104792844690245,6.69621803726188e-07
"589","1048",-0.889279085008648,-14.9351873535396,0.037816749428477,3.26385266739944e-07
"590","1051",11.9829333884187,-14.6981947154873,0.156144963770689,4.13671061866357e-07
"591","1054",8.30920306888489,-14.6702014348553,0.16033816189437,4.2541467626599e-07
"592","1060",10.778107071793,-14.7331047523331,0.0455833466537561,3.9947895465743e-07
"593","1066",7.17510790211932,-14.4114182192494,0.0961916955065192,5.51062161013896e-07
"594","1067",2.22879882545528,-13.9878018181787,0.303889686979779,8.41733973844155e-07
"595","1068",-20.9181044009721,-11.8379161145129,0.345292645719917,7.2253410963485e-06
"596","1069",-20.9089666853418,-11.8353512072287,0.344399187787337,7.24389721354425e-06
"597","1070",-3.1030372377324,-12.8298823439202,0.3435180393249,2.67949465196812e-06
"598","1071",-6.89328031687475,-12.5438015632616,0.0979532556771287,3.56694324350998e-06
"599","1076",-334.427620521257,-1.2456601423046e-06,4.91818144339741e-07,0.999998754340634
"600","1077",7.45663805209738,-14.4814431278821,0.68757592002469,5.13794155244081e-07
"601","1078",11.274962500779,-14.0431154245585,0.701518635432287,7.9643889728344e-07
"602","1079",-3.43532993068448,-11.002659381297,0.0170339974670177,1.66573436070104e-05
"603","1080",4.86311222861096,-13.1950938399814,0.489889228555967,1.85970285201774e-06
"604","1083",-16.2375836067358,-13.9201084193988,0.592415495746499,9.00686650606196e-07
"605","1084",-4.62754008755646,-13.8409950244898,0.606684881399022,9.74837521461886e-07
"606","1085",-1.27949882601082,-14.5256114926388,0.911914945815101,4.91594576018199e-07
"607","1086",-9.58366176220208,-14.1281896807928,0.626179002693995,7.3148459162206e-07
"608","1087",2.14074231424121,-13.7084394933986,0.539323289678727,1.11301334747911e-06
"609","1088",-3.40003577600256,-13.7133421394577,0.574469617968702,1.10756999130473e-06
"610","1089",-9.39198534647006,-13.9483059921845,0.716786395042255,8.75644200627111e-07
"611","1090",-3.75443075870257,-14.0834325876696,0.617612113277741,7.649674235131e-07
"612","1091",0.720931480129763,-13.7586788417862,0.565821403571981,1.05847767073903e-06
"613","1092",-18.4077438929241,-13.6820185441151,0.597958917874827,1.14281213942854e-06
"614","1093",0.856705411906705,-13.962001113907,0.743548976240684,8.63733889448567e-07
"615","1094",-1.09889954884384,-13.9532257847372,0.555932906784619,8.71346792655887e-07
"616","1095",-11.2772001425108,-13.9535356344549,0.636117073723059,8.71076847921548e-07
"617","1096",-3.40102297453205,-13.6694618232493,0.551783873407075,1.1572525850514e-06
"618","1097",1.0681105090793,-14.7374881454253,0.950285138406337,3.97731713586982e-07
"619","1098",-7.43033562756689,-14.1032794098048,0.60050482305156,7.49934918282384e-07
"620","1099",-8.58455298995623,-13.5905895276238,0.522873762148376,1.25222382459817e-06
"621","1100",-11.4928388092075,-13.3876736504916,0.548796991060684,1.53393588708511e-06
"622","1101",4.67303391220543,-13.5392259578857,0.580181503073401,1.318222977009e-06
"623","1102",-3.16985329633486,-14.026793940108,0.565530717025161,8.09544623881836e-07
"624","1103",-4.27509677539794,-13.4806583027968,0.520400231968667,1.39773386201109e-06
"625","1104",-5.47263781879898,-13.583550225318,0.639153491819225,1.26106970453819e-06
"626","1105",-0.8721107580314,-14.9740959016323,1.005076157946,3.13929969923854e-07
"627","1106",-3.59844351613937,-14.0311715159079,0.6012850357042,8.06008526341834e-07
"628","1107",-4.49708887794705,-13.6976379346541,0.551905311482544,1.12510079062529e-06
"629","1108",-10.0339976970648,-13.4659542527962,0.601207797386548,1.41843805531757e-06
"630","1109",-9.73465924827657,-14.7103626957022,0.931499769158977,4.08668020751645e-07
"631","1110",-6.28629426660171,-13.7430830722693,0.505592208121622,1.07511484205783e-06
"632","1111",-3.23211834993857,-13.8418301091991,0.609519028257421,9.74023789368587e-07
"633","1112",-4.67224869236678,-13.5270099460626,0.613254048575471,1.33442516605965e-06
"634","1113",0.547242852641418,-14.8376671709524,0.982562469557665,3.5981811439902e-07
"635","1114",3.56865825960488,-13.8939752906302,0.559848480486868,9.24534665229477e-07
"636","1115",-12.3732747780404,-11.8605944389496,0.495433185865398,7.0633265200632e-06
"637","1116",-10.3917421908191,-11.8411793971,0.463928162995248,7.20180119612558e-06
"638","1117",-5.68712920760928,-11.9072599216927,0.468478888930261,6.74128551705894e-06
"639","1118",-6.09616535542487,-11.8973800936711,0.501991518298616,6.80821835663615e-06
"640","1119",-22.0255627211402,-11.827540048395,0.477036445950306,7.30070201208197e-06
"641","1120",-4.52765904621834,-11.8925356184717,0.485583702638452,6.84128062161677e-06
"642","1121",-12.9838721244118,-12.528958586289,0.625643260970211,3.62028217492924e-06
"643","1122",-23.690333554195,-12.5568555073205,0.576914959802697,3.52068316112416e-06
"644","1123",-7.49264793880899,-12.8403433643871,0.577682127153297,2.65161050616936e-06
"645","1124",-11.4255447530033,-12.9878361797072,0.611344262047667,2.28799154525969e-06
"646","1125",-6.22863966826438,-12.7455521915318,0.616040520075228,2.9152581248544e-06
"647","1126",-3.80933588482252,-12.8043587618463,0.502027589935915,2.74876520951106e-06
"648","1127",-2.27813302427264,-12.8678586969496,0.607775869781697,2.57964517657066e-06
"649","1128",-1.55289640145338,-13.0188665377794,0.575373874898982,2.21808457673982e-06
"650","1129",-3.63125879772598,-13.4220475066035,0.56816543010902,1.48210452097509e-06
"651","1130",-3.97567892414814,-12.9981830496893,0.657600338682831,2.26444004648232e-06
"652","1131",-2.35386680877847,-12.6390593905151,0.539315147667181,3.24284544270512e-06
"653","1132",-11.6825813843642,-13.5298597893965,0.564450976151194,1.33062767708995e-06
"654","1133",-5.18172676641041,-13.3734070743979,0.633848085460414,1.55597675012631e-06
"655","1134",-3.09896927228481,-13.7966813114689,0.585257600014469,1.01900763463625e-06
"656","1135",-10.339570540931,-13.4883858317396,0.559763160577883,1.38697445848032e-06
"657","1136",-10.1122767316544,-13.1985729262108,0.594320826881026,1.8532440273533e-06
"658","1137",-10.6140382453524,-13.1938359966411,0.535447214351619,1.86204353866491e-06
"659","1138",-6.89654142993135,-13.6511940089939,0.580506549727853,1.17858733665771e-06
"660","1139",-12.322502891479,-13.2038222149091,0.550859811518836,1.84354130290607e-06
"661","1140",-17.1024115726762,-13.0327139161666,0.535217807823561,2.18758160084578e-06
"662","1141",-3.13750490156297,-13.8477681813407,0.574550609847535,9.68257104280436e-07
"663","1142",-12.2618250500939,-12.9684113951048,0.573573072139042,2.33286975182642e-06
"664","1143",-10.2217681279587,-13.3071825191994,0.561492783919984,1.6625092189488e-06
"665","1144",0.901509398027621,-14.5421840065738,0.683010863310359,4.83514754459323e-07
"666","1149",-1.98464395564601,-11.9379842200693,0.308128757302707,6.53731373949773e-06
"667","1150",6.49004482114247,-13.1698808218152,0.433325566266433,1.9071876762096e-06
"668","1151",-12.9801437164389,-22.5349320805512,0.523619059403077,1.63381676199758e-10
"669","1153",-Inf,-15.0600729883177,0.273058058095916,2.88066929901816e-07
"670","1154",-17.3216328619895,-16.2592993567542,0.425441548151311,8.68312413409416e-08
"671","1155",-6.44891694606872,-15.7475524658257,0.471022596531632,1.44852121619777e-07
"672","1156",-29.889579098539,-16.7389410641884,0.539009572034231,5.3748984443671e-08
"673","1158",-3.8716907510444,-14.1868819140097,0.30263997587586,6.89787737143929e-07
"674","1159",-10.9844085359448,-12.8962612544104,0.0578350036148565,2.50740738143069e-06
"675","1160",-5.99034426968895,-13.6134143581301,0.283032746784219,1.22396574774993e-06
"676","1162",14.6381219488821,-14.2542802026097,0.320033026079377,6.44829302405222e-07
"677","1164",7.19587713911645,-13.3656581786168,0.183840781434228,1.56808068730933e-06
"678","1173",-7.04344983924297,-14.8651073256946,0.2183634200996,3.5007888375708e-07
"679","1175",-24.7847267544529,-13.8309549339794,0.0911620189182884,9.8467427673554e-07
"680","1176",-13.7057719637614,-13.9763479289672,0.103869281472441,8.51430527141029e-07
"681","1179",-32.6649879792276,-12.4291944185317,0.412291690789297,4.00008711419922e-06
"682","1180",-28.2245642651689,-12.8162170341568,0.459693716309154,2.71636210526187e-06
"683","1181",10.9551680129438,-14.4892259991902,0.816073409805827,5.09810882212244e-07
"684","1182",-32.1484886823118,-12.2377480672236,0.34381933600611,4.84410494663803e-06
"685","1183",-28.6056646352872,-12.7104761325395,0.389008951193593,3.01932840868047e-06
"686","1184",-4.41048693226569,-14.0771791278993,0.683868750218783,7.69766105064604e-07
"687","39597",-2.91655841808206,-6.05629131191736,0.310279136346616,0.00234307452624939
"688","39599",12.5244348739484,-7.01707767006369,0.759880991236989,0.00089644136620536
"689","39605",NA,NA,NA,NA
"690","39606",-0.0722838414364606,-10.8109934291469,0.0100054772184281,2.01764711069256e-05
"691","39608",-17.2164559723287,-5.77288886947243,0.411237064737365,0.00311075794746655
"692","39609",-1.58380131607455,-5.69561294511367,0.252514486023721,0.00336067663736319
"693","39610",-2.66467251273503,-5.65663990734263,0.584962372393014,0.00349423815890353
"694","39611",7.40659704456646,-6.09978569766425,0.443703204556983,0.00224334842278295
"695","39612",-6.08249570727551,-7.70580934285782,0.736407868566581,0.000450204180861961
"696","39613",-12.2828173109342,-2.61411535707535,0.131857223515676,0.0732325447013121
"697","39614",-12.7787875870617,-2.70673816144385,0.141466380569401,0.0667541933839303
"698","39616",2.1095333312414,-13.097851682388,0.233508980320802,2.04962915252064e-06
"699","Atk1",NA,NA,NA,NA
"700","Atk100",NA,NA,NA,NA
"701","Atk101",NA,NA,NA,NA
"702","Atk102",NA,NA,NA,NA
"703","Atk103",NA,NA,NA,NA
"704","Atk104",NA,NA,NA,NA
"705","Atk105",NA,NA,NA,NA
"706","Atk106",NA,NA,NA,NA
"707","Atk108",NA,NA,NA,NA
"708","Atk110",NA,NA,NA,NA
"709","Atk111",NA,NA,NA,NA
"710","Atk112",NA,NA,NA,NA
"711","Atk113",NA,NA,NA,NA
"712","Atk114",NA,NA,NA,NA
"713","Atk115",NA,NA,NA,NA
"714","Atk116",NA,NA,NA,NA
"715","Atk117",NA,NA,NA,NA
"716","Atk118",NA,NA,NA,NA
"717","Atk119",NA,NA,NA,NA
"718","Atk120",NA,NA,NA,NA
"719","Atk122",NA,NA,NA,NA
"720","Atk123",NA,NA,NA,NA
"721","Atk124",NA,NA,NA,NA
"722","Atk125",NA,NA,NA,NA
"723","Atk126",NA,NA,NA,NA
"724","Atk127",NA,NA,NA,NA
"725","Atk128",NA,NA,NA,NA
"726","Atk129",77.7055636153404,-14.8942914840652,0.304047253717158,3.40009770132513e-07
"727","Atk130",41.5477341126697,-14.8121307696574,0.135750615298809,3.69124899311927e-07
"728","Atk131",NA,NA,NA,NA
"729","Atk133",NA,NA,NA,NA
"730","Atk135",NA,NA,NA,NA
"731","Atk136",NA,NA,NA,NA
"732","Atk137",NA,NA,NA,NA
"733","Atk138",NA,NA,NA,NA
"734","Atk139",NA,NA,NA,NA
"735","Atk14",NA,NA,NA,NA
"736","Atk140",NA,NA,NA,NA
"737","Atk141",NA,NA,NA,NA
"738","Atk142",NA,NA,NA,NA
"739","Atk143",NA,NA,NA,NA
"740","Atk144",NA,NA,NA,NA
"741","Atk145",NA,NA,NA,NA
"742","Atk146",NA,NA,NA,NA
"743","Atk147",NA,NA,NA,NA
"744","Atk148",NA,NA,NA,NA
"745","Atk149",NA,NA,NA,NA
"746","Atk15",NA,NA,NA,NA
"747","Atk150",NA,NA,NA,NA
"748","Atk151",NA,NA,NA,NA
"749","Atk152",NA,NA,NA,NA
"750","Atk153",NA,NA,NA,NA
"751","Atk156",NA,NA,NA,NA
"752","Atk157",NA,NA,NA,NA
"753","Atk158",NA,NA,NA,NA
"754","Atk159",NA,NA,NA,NA
"755","Atk160",NA,NA,NA,NA
"756","Atk161",NA,NA,NA,NA
"757","Atk162",NA,NA,NA,NA
"758","Atk163",NA,NA,NA,NA
"759","Atk164",NA,NA,NA,NA
"760","Atk165",NA,NA,NA,NA
"761","Atk166",NA,NA,NA,NA
"762","Atk167",NA,NA,NA,NA
"763","Atk168",NA,NA,NA,NA
"764","Atk169",NA,NA,NA,NA
"765","Atk170",NA,NA,NA,NA
"766","Atk171",NA,NA,NA,NA
"767","Atk172",NA,NA,NA,NA
"768","Atk173",NA,NA,NA,NA
"769","Atk174",NA,NA,NA,NA
"770","Atk175",NA,NA,NA,NA
"771","Atk176",NA,NA,NA,NA
"772","Atk177",NA,NA,NA,NA
"773","Atk178",NA,NA,NA,NA
"774","Atk179",NA,NA,NA,NA
"775","Atk180",NA,NA,NA,NA
"776","Atk181",NA,NA,NA,NA
"777","Atk182",NA,NA,NA,NA
"778","Atk183",NA,NA,NA,NA
"779","Atk184",NA,NA,NA,NA
"780","Atk185",NA,NA,NA,NA
"781","Atk186",NA,NA,NA,NA
"782","Atk187",NA,NA,NA,NA
"783","Atk188",NA,NA,NA,NA
"784","Atk189",NA,NA,NA,NA
"785","Atk190",NA,NA,NA,NA
"786","Atk191",NA,NA,NA,NA
"787","Atk193",NA,NA,NA,NA
"788","Atk195",NA,NA,NA,NA
"789","Atk197",NA,NA,NA,NA
"790","Atk198",NA,NA,NA,NA
"791","Atk199",NA,NA,NA,NA
"792","Atk2",NA,NA,NA,NA
"793","Atk20",140.171866053939,-14.2997713857198,0.125592347755221,6.1615247128558e-07
"794","Atk200",NA,NA,NA,NA
"795","Atk201",NA,NA,NA,NA
"796","Atk204",NA,NA,NA,NA
"797","Atk205",NA,NA,NA,NA
"798","Atk207",NA,NA,NA,NA
"799","Atk209",18.3158633366391,-15.5807645472511,0.374794778017251,1.7114331239633e-07
"800","Atk21",NA,NA,NA,NA
"801","Atk210",NA,NA,NA,NA
"802","Atk211",NA,NA,NA,NA
"803","Atk212",NA,NA,NA,NA
"804","Atk214",NA,NA,NA,NA
"805","Atk216",NA,NA,NA,NA
"806","Atk217",NA,NA,NA,NA
"807","Atk218",NA,NA,NA,NA
"808","Atk219",NA,NA,NA,NA
"809","Atk22",NA,NA,NA,NA
"810","Atk220",NA,NA,NA,NA
"811","Atk221",NA,NA,NA,NA
"812","Atk222",NA,NA,NA,NA
"813","Atk224",NA,NA,NA,NA
"814","Atk225",NA,NA,NA,NA
"815","Atk226",NA,NA,NA,NA
"816","Atk227",NA,NA,NA,NA
"817","Atk228",NA,NA,NA,NA
"818","Atk229",NA,NA,NA,NA
"819","Atk230",NA,NA,NA,NA
"820","Atk231",NA,NA,NA,NA
"821","Atk232",NA,NA,NA,NA
"822","Atk233",NA,NA,NA,NA
"823","Atk234",NA,NA,NA,NA
"824","Atk235",NA,NA,NA,NA
"825","Atk236",NA,NA,NA,NA
"826","Atk237",NA,NA,NA,NA
"827","Atk238",NA,NA,NA,NA
"828","Atk239",NA,NA,NA,NA
"829","Atk24",NA,NA,NA,NA
"830","Atk240",NA,NA,NA,NA
"831","Atk241",NA,NA,NA,NA
"832","Atk242",NA,NA,NA,NA
"833","Atk243",NA,NA,NA,NA
"834","Atk244",NA,NA,NA,NA
"835","Atk245",NA,NA,NA,NA
"836","Atk246",114.471384834432,-16.3637209759637,0.472534311148769,7.82215246521378e-08
"837","Atk247",59.5435132382848,-16.7698289757427,0.537273175035775,5.21141685645717e-08
"838","Atk248",NA,NA,NA,NA
"839","Atk249",NA,NA,NA,NA
"840","Atk25",NA,NA,NA,NA
"841","Atk250",NA,NA,NA,NA
"842","Atk251",NA,NA,NA,NA
"843","Atk252",NA,NA,NA,NA
"844","Atk253",NA,NA,NA,NA
"845","Atk254",NA,NA,NA,NA
"846","Atk255",NA,NA,NA,NA
"847","Atk257",NA,NA,NA,NA
"848","Atk258",NA,NA,NA,NA
"849","Atk259",NA,NA,NA,NA
"850","Atk26",-2.55621044630411,-13.3789399784001,0.0507017690251544,1.54739145285287e-06
"851","Atk260",NA,NA,NA,NA
"852","Atk261",NA,NA,NA,NA
"853","Atk262",NA,NA,NA,NA
"854","Atk263",NA,NA,NA,NA
"855","Atk264",NA,NA,NA,NA
"856","Atk265",NA,NA,NA,NA
"857","Atk266",NA,NA,NA,NA
"858","Atk267",NA,NA,NA,NA
"859","Atk268",NA,NA,NA,NA
"860","Atk269",NA,NA,NA,NA
"861","Atk27",-29.65847295371,-14.1860212001512,0.223369047419091,6.90381702589203e-07
"862","Atk270",36.4199822680407,-15.7771911923154,0.424468687567288,1.40621888238345e-07
"863","Atk271",-7.56541091244856,-15.1799638822054,0.32600038654005,2.55520324580689e-07
"864","Atk272",NA,NA,NA,NA
"865","Atk273",NA,NA,NA,NA
"866","Atk274",NA,NA,NA,NA
"867","Atk275",NA,NA,NA,NA
"868","Atk276",36.0417927047402,-15.3178404062916,0.320463107018757,2.22610905844812e-07
"869","Atk277",NA,NA,NA,NA
"870","Atk278",NA,NA,NA,NA
"871","Atk279",44.4311040602282,-16.4233374829349,0.475612180000083,7.36945135941767e-08
"872","Atk28",92.5354289920762,-13.7011096300686,0.0483601754248049,1.1212015557638e-06
"873","Atk280",NA,NA,NA,NA
"874","Atk281",NA,NA,NA,NA
"875","Atk282",NA,NA,NA,NA
"876","Atk283",-28.4436377688351,-14.820625466615,0.282454017991533,3.66002575525442e-07
"877","Atk284",NA,NA,NA,NA
"878","Atk285",NA,NA,NA,NA
"879","Atk286",NA,NA,NA,NA
"880","Atk287",NA,NA,NA,NA
"881","Atk288",NA,NA,NA,NA
"882","Atk289",NA,NA,NA,NA
"883","Atk290",NA,NA,NA,NA
"884","Atk291",NA,NA,NA,NA
"885","Atk292",NA,NA,NA,NA
"886","Atk293",NA,NA,NA,NA
"887","Atk294",NA,NA,NA,NA
"888","Atk295",NA,NA,NA,NA
"889","Atk296",NA,NA,NA,NA
"890","Atk297",NA,NA,NA,NA
"891","Atk298",NA,NA,NA,NA
"892","Atk299",NA,NA,NA,NA
"893","Atk3",-62.6051151053198,-15.3462156623473,0.263609179496351,2.16383040883004e-07
"894","Atk30",NA,NA,NA,NA
"895","Atk300",NA,NA,NA,NA
"896","Atk301",NA,NA,NA,NA
"897","Atk302",NA,NA,NA,NA
"898","Atk303",NA,NA,NA,NA
"899","Atk304",NA,NA,NA,NA
"900","Atk305",NA,NA,NA,NA
"901","Atk306",NA,NA,NA,NA
"902","Atk307",NA,NA,NA,NA
"903","Atk308",NA,NA,NA,NA
"904","Atk309",NA,NA,NA,NA
"905","Atk31",NA,NA,NA,NA
"906","Atk310",NA,NA,NA,NA
"907","Atk311",NA,NA,NA,NA
"908","Atk312",NA,NA,NA,NA
"909","Atk313",NA,NA,NA,NA
"910","Atk314",NA,NA,NA,NA
"911","Atk315",NA,NA,NA,NA
"912","Atk316",NA,NA,NA,NA
"913","Atk317",NA,NA,NA,NA
"914","Atk318",NA,NA,NA,NA
"915","Atk319",NA,NA,NA,NA
"916","Atk32",NA,NA,NA,NA
"917","Atk320",NA,NA,NA,NA
"918","Atk321",NA,NA,NA,NA
"919","Atk322",NA,NA,NA,NA
"920","Atk323",NA,NA,NA,NA
"921","Atk324",NA,NA,NA,NA
"922","Atk325",NA,NA,NA,NA
"923","Atk326",NA,NA,NA,NA
"924","Atk327",NA,NA,NA,NA
"925","Atk328",NA,NA,NA,NA
"926","Atk329",NA,NA,NA,NA
"927","Atk33",NA,NA,NA,NA
"928","Atk330",NA,NA,NA,NA
"929","Atk331",NA,NA,NA,NA
"930","Atk332",NA,NA,NA,NA
"931","Atk333",NA,NA,NA,NA
"932","Atk334",NA,NA,NA,NA
"933","Atk335",NA,NA,NA,NA
"934","Atk336",NA,NA,NA,NA
"935","Atk337",NA,NA,NA,NA
"936","Atk338",NA,NA,NA,NA
"937","Atk339",NA,NA,NA,NA
"938","Atk34",49.0794498635239,-14.961673016109,0.305092401740232,3.17854210731447e-07
"939","Atk340",NA,NA,NA,NA
"940","Atk341",NA,NA,NA,NA
"941","Atk342",NA,NA,NA,NA
"942","Atk343",NA,NA,NA,NA
"943","Atk344",NA,NA,NA,NA
"944","Atk345",NA,NA,NA,NA
"945","Atk346",NA,NA,NA,NA
"946","Atk347",NA,NA,NA,NA
"947","Atk348",NA,NA,NA,NA
"948","Atk349",NA,NA,NA,NA
"949","Atk35",103.162763405775,-15.7150683743338,0.429430295083929,1.49634770642143e-07
"950","Atk350",NA,NA,NA,NA
"951","Atk351",NA,NA,NA,NA
"952","Atk352",NA,NA,NA,NA
"953","Atk353",NA,NA,NA,NA
"954","Atk354",NA,NA,NA,NA
"955","Atk355",NA,NA,NA,NA
"956","Atk356",NA,NA,NA,NA
"957","Atk357",NA,NA,NA,NA
"958","Atk358",NA,NA,NA,NA
"959","Atk359",NA,NA,NA,NA
"960","Atk360",NA,NA,NA,NA
"961","Atk361",NA,NA,NA,NA
"962","Atk362",NA,NA,NA,NA
"963","Atk363",NA,NA,NA,NA
"964","Atk364",NA,NA,NA,NA
"965","Atk365",NA,NA,NA,NA
"966","Atk366",NA,NA,NA,NA
"967","Atk367",NA,NA,NA,NA
"968","Atk368",NA,NA,NA,NA
"969","Atk369",NA,NA,NA,NA
"970","Atk37",94.0371840273549,-15.2293536101007,0.328038984244928,2.43206828362347e-07
"971","Atk370",NA,NA,NA,NA
"972","Atk371",NA,NA,NA,NA
"973","Atk372",NA,NA,NA,NA
"974","Atk373",NA,NA,NA,NA
"975","Atk374",NA,NA,NA,NA
"976","Atk375",NA,NA,NA,NA
"977","Atk376",NA,NA,NA,NA
"978","Atk377",26.5187347702169,-15.0230762714148,0.320608449349857,2.98924061295055e-07
"979","Atk378",NA,NA,NA,NA
"980","Atk379",NA,NA,NA,NA
"981","Atk38",NA,NA,NA,NA
"982","Atk380",NA,NA,NA,NA
"983","Atk381",NA,NA,NA,NA
"984","Atk382",NA,NA,NA,NA
"985","Atk383",NA,NA,NA,NA
"986","Atk384",NA,NA,NA,NA
"987","Atk385",51.3183423316196,-14.8502549154181,0.287432053973388,3.55317203510002e-07
"988","Atk386",NA,NA,NA,NA
"989","Atk387",NA,NA,NA,NA
"990","Atk388",NA,NA,NA,NA
"991","Atk389",NA,NA,NA,NA
"992","Atk39",NA,NA,NA,NA
"993","Atk390",NA,NA,NA,NA
"994","Atk391",NA,NA,NA,NA
"995","Atk392",NA,NA,NA,NA
"996","Atk393",NA,NA,NA,NA
"997","Atk394",NA,NA,NA,NA
"998","Atk395",NA,NA,NA,NA
"999","Atk396",NA,NA,NA,NA
"1000","Atk397",NA,NA,NA,NA
"1001","Atk398",NA,NA,NA,NA
"1002","Atk399",NA,NA,NA,NA
"1003","Atk4",NA,NA,NA,NA
"1004","Atk40",NA,NA,NA,NA
"1005","Atk400",NA,NA,NA,NA
"1006","Atk401",NA,NA,NA,NA
"1007","Atk402",NA,NA,NA,NA
"1008","Atk403",NA,NA,NA,NA
"1009","Atk404",NA,NA,NA,NA
"1010","Atk405",NA,NA,NA,NA
"1011","Atk406",NA,NA,NA,NA
"1012","Atk407",NA,NA,NA,NA
"1013","Atk408",NA,NA,NA,NA
"1014","Atk409",NA,NA,NA,NA
"1015","Atk41",NA,NA,NA,NA
"1016","Atk410",NA,NA,NA,NA
"1017","Atk411",NA,NA,NA,NA
"1018","Atk412",NA,NA,NA,NA
"1019","Atk413",NA,NA,NA,NA
"1020","Atk414",NA,NA,NA,NA
"1021","Atk415",NA,NA,NA,NA
"1022","Atk416",NA,NA,NA,NA
"1023","Atk417",NA,NA,NA,NA
"1024","Atk418",NA,NA,NA,NA
"1025","Atk419",NA,NA,NA,NA
"1026","Atk42",81.6935283391232,-15.194166377165,0.369161038808178,2.51916947501e-07
"1027","Atk420",NA,NA,NA,NA
"1028","Atk421",NA,NA,NA,NA
"1029","Atk422",NA,NA,NA,NA
"1030","Atk423",NA,NA,NA,NA
"1031","Atk424",NA,NA,NA,NA
"1032","Atk425",NA,NA,NA,NA
"1033","Atk426",NA,NA,NA,NA
"1034","Atk427",NA,NA,NA,NA
"1035","Atk428",NA,NA,NA,NA
"1036","Atk43",13.7968584930831,-14.2164895562632,0.254326493262435,6.6966412497602e-07
"1037","Atk430",NA,NA,NA,NA
"1038","Atk431",NA,NA,NA,NA
"1039","Atk432",NA,NA,NA,NA
"1040","Atk433",NA,NA,NA,NA
"1041","Atk434",NA,NA,NA,NA
"1042","Atk435",NA,NA,NA,NA
"1043","Atk436",NA,NA,NA,NA
"1044","Atk437",NA,NA,NA,NA
"1045","Atk438",NA,NA,NA,NA
"1046","Atk439",NA,NA,NA,NA
"1047","Atk44",NA,NA,NA,NA
"1048","Atk440",NA,NA,NA,NA
"1049","Atk441",21.5098483158575,-15.8961246199415,0.485108965640171,1.24853520854488e-07
"1050","Atk442",NA,NA,NA,NA
"1051","Atk443",NA,NA,NA,NA
"1052","Atk444",NA,NA,NA,NA
"1053","Atk445",NA,NA,NA,NA
"1054","Atk446",NA,NA,NA,NA
"1055","Atk447",NA,NA,NA,NA
"1056","Atk448",NA,NA,NA,NA
"1057","Atk449",NA,NA,NA,NA
"1058","Atk450",NA,NA,NA,NA
"1059","Atk451",NA,NA,NA,NA
"1060","Atk452",NA,NA,NA,NA
"1061","Atk453",NA,NA,NA,NA
"1062","Atk454",NA,NA,NA,NA
"1063","Atk455",NA,NA,NA,NA
"1064","Atk456",NA,NA,NA,NA
"1065","Atk457",NA,NA,NA,NA
"1066","Atk458",NA,NA,NA,NA
"1067","Atk459",NA,NA,NA,NA
"1068","Atk461",59.2605910130324,-14.3358847772787,0.156280182099172,5.94298108521471e-07
"1069","Atk463",-55.1789728428154,-13.6669745225352,0.139680990570521,1.16013460296935e-06
"1070","Atk464",-53.6060212993546,-13.8773084514015,0.180226026540132,9.40072862487754e-07
"1071","Atk465",NA,NA,NA,NA
"1072","Atk466",15.7442825713106,-15.8929435287497,0.399285988740817,1.25251323678023e-07
"1073","Atk467",NA,NA,NA,NA
"1074","Atk469",NA,NA,NA,NA
"1075","Atk470",NA,NA,NA,NA
"1076","Atk471",NA,NA,NA,NA
"1077","Atk472",-21.7172853989879,-14.4431803232517,0.211458793918908,5.33834312018169e-07
"1078","Atk474",56.4230706685567,-15.3046150933733,0.262120215141271,2.25574559157535e-07
"1079","Atk475",NA,NA,NA,NA
"1080","Atk476",NA,NA,NA,NA
"1081","Atk477",NA,NA,NA,NA
"1082","Atk479",27.6404009812374,-14.758382911378,0.233984640346875,3.89507424041106e-07
"1083","Atk48",67.2340133220877,-13.821717525613,0.080253569121754,9.938122557813e-07
"1084","Atk482",2.88752470923974,-14.8302562998793,0.279219278624642,3.62494585295445e-07
"1085","Atk483",-2.31987689918636,-14.5634196744714,0.245609113198874,4.73355249433313e-07
"1086","Atk485",52.6683451866691,-14.5903381824415,0.216892480663038,4.60783201898956e-07
"1087","Atk487",28.8471418654581,-15.0616251113351,0.270208943478642,2.87620161398882e-07
"1088","Atk488",NA,NA,NA,NA
"1089","Atk489",96.1961087146544,-16.0536227770279,0.43060771391947,1.0665966452774e-07
"1090","Atk49",4.11364575405588,-14.8226071060619,0.330763797956267,3.65278008536514e-07
"1091","Atk490",13.2655653492849,-14.073193550129,0.100250696190952,7.7284018967371e-07
"1092","Atk491",-46.3589684291802,-15.5104713205353,0.348324778623432,1.83606433130753e-07
"1093","Atk492",3.36515135565751,-14.7700319106747,0.234952902401431,3.84996377930846e-07
"1094","Atk493",NA,NA,NA,NA
"1095","Atk494",32.2777801830894,-13.8374647007431,0.0872870044139745,9.7828509545863e-07
"1096","Atk495",-7.50188946275964,-14.5790455182194,0.211317367775509,4.66016163304537e-07
"1097","Atk496",55.4737128386308,-14.7351638846114,0.211392866110203,3.9865722096694e-07
"1098","Atk497",1.65327707017681,-13.7965956489395,0.113895652156209,1.01909492914661e-06
"1099","Atk498",42.2897990427007,-14.9791267415583,0.233042559382991,3.12354604525383e-07
"1100","Atk499",NA,NA,NA,NA
"1101","Atk5",NA,NA,NA,NA
"1102","Atk50",-7.37915575215965,-14.4012929029787,0.259427964364292,5.56670183266363e-07
"1103","Atk500",NA,NA,NA,NA
"1104","Atk501",NA,NA,NA,NA
"1105","Atk502",NA,NA,NA,NA
"1106","Atk503",NA,NA,NA,NA
"1107","Atk505",NA,NA,NA,NA
"1108","Atk506",-21.1402941267596,-14.6136161886375,0.217874338690442,4.50180965872675e-07
"1109","Atk507",-29.3843389834138,-14.6750610917232,0.21728256532652,4.23352322138227e-07
"1110","Atk508",86.0681012942057,-16.4766117115852,0.477952332865307,6.98712403989255e-08
"1111","Atk509",NA,NA,NA,NA
"1112","Atk51",53.7398796741853,-15.051810988569,0.354072111347572,2.90456797753599e-07
"1113","Atk510",22.5088028393143,-15.486919242686,0.32993731610342,1.87982071563841e-07
"1114","Atk511",18.5738869960473,-13.948223895223,0.140141982441792,8.75716091306345e-07
"1115","Atk512",48.1377209363567,-13.9507433962837,0.131412364119738,8.73512500825326e-07
"1116","Atk513",31.4890286503638,-13.5725972758753,0.0463614852243575,1.27495805762512e-06
"1117","Atk514",31.3572119341376,-15.0005954963941,0.260583080921954,3.05720211001168e-07
"1118","Atk516",103.842396945746,-14.3670991809688,0.137509730598653,5.76033982284674e-07
"1119","Atk52",-30.1717648570288,-14.1117345010697,0.233474170800374,7.43620880603069e-07
"1120","Atk520",NA,NA,NA,NA
"1121","Atk525",123.868553006379,-15.6861086759462,0.339528201952451,1.54031505244551e-07
"1122","Atk529",26.7033014795374,-15.3236190551126,0.315783043606732,2.21328225245913e-07
"1123","Atk53",39.9425651978487,-14.6180612506702,0.27892672274485,4.48184324438499e-07
"1124","Atk530",7.18787676198025,-15.099662602279,0.3056123817908,2.76885270555188e-07
"1125","Atk531",NA,NA,NA,NA
"1126","Atk532",25.1159825694492,-15.7164048124886,0.376537207906125,1.49434926594724e-07
"1127","Atk533",79.3810205619779,-16.6692884323732,0.491143422380185,5.76262045627391e-08
"1128","Atk534",60.2188276656009,-16.2025255890884,0.401244693120935,9.19036042504907e-08
"1129","Atk535",-28.0479240234631,-15.5532075269567,0.341347026094263,1.75925095375503e-07
"1130","Atk536",98.3521646764593,-16.1244449239116,0.384395995120978,9.93670841087902e-08
"1131","Atk537",18.6545336405452,-17.3208958098092,0.58065996140812,3.00351999987764e-08
"1132","Atk538",NA,NA,NA,NA
"1133","Atk54",28.6860356004796,-14.5826413299214,0.256164522331889,4.64343466085646e-07
"1134","Atk540",NA,NA,NA,NA
"1135","Atk541",NA,NA,NA,NA
"1136","Atk542",NA,NA,NA,NA
"1137","Atk543",NA,NA,NA,NA
"1138","Atk544",NA,NA,NA,NA
"1139","Atk545",NA,NA,NA,NA
"1140","Atk546",NA,NA,NA,NA
"1141","Atk547",NA,NA,NA,NA
"1142","Atk548",NA,NA,NA,NA
"1143","Atk549",NA,NA,NA,NA
"1144","Atk55",62.1211986569625,-14.8323002391713,0.313210112188237,3.61754425048393e-07
"1145","Atk550",NA,NA,NA,NA
"1146","Atk551",NA,NA,NA,NA
"1147","Atk552",NA,NA,NA,NA
"1148","Atk553",NA,NA,NA,NA
"1149","Atk554",NA,NA,NA,NA
"1150","Atk555",NA,NA,NA,NA
"1151","Atk556",NA,NA,NA,NA
"1152","Atk557",NA,NA,NA,NA
"1153","Atk558",NA,NA,NA,NA
"1154","Atk559",NA,NA,NA,NA
"1155","Atk56",110.100624702646,-14.6403605353036,0.218171974855033,4.38300742576385e-07
"1156","Atk560",NA,NA,NA,NA
"1157","Atk562",NA,NA,NA,NA
"1158","Atk564",NA,NA,NA,NA
"1159","Atk565",NA,NA,NA,NA
"1160","Atk566",NA,NA,NA,NA
"1161","Atk568",NA,NA,NA,NA
"1162","Atk570",NA,NA,NA,NA
"1163","Atk571",NA,NA,NA,NA
"1164","Atk572",NA,NA,NA,NA
"1165","Atk573",NA,NA,NA,NA
"1166","Atk574",NA,NA,NA,NA
"1167","Atk575",NA,NA,NA,NA
"1168","Atk576",NA,NA,NA,NA
"1169","Atk577",NA,NA,NA,NA
"1170","Atk578",NA,NA,NA,NA
"1171","Atk579",NA,NA,NA,NA
"1172","Atk58",NA,NA,NA,NA
"1173","Atk581",NA,NA,NA,NA
"1174","Atk582",NA,NA,NA,NA
"1175","Atk583",NA,NA,NA,NA
"1176","Atk584",NA,NA,NA,NA
"1177","Atk585",NA,NA,NA,NA
"1178","Atk589",NA,NA,NA,NA
"1179","Atk59",NA,NA,NA,NA
"1180","Atk590",NA,NA,NA,NA
"1181","Atk591",NA,NA,NA,NA
"1182","Atk592",NA,NA,NA,NA
"1183","Atk593",NA,NA,NA,NA
"1184","Atk594",NA,NA,NA,NA
"1185","Atk595",NA,NA,NA,NA
"1186","Atk599",NA,NA,NA,NA
"1187","Atk6",NA,NA,NA,NA
"1188","Atk60",NA,NA,NA,NA
"1189","Atk601",63.451880693616,-16.2000210082332,0.435319866805441,9.21340727512452e-08
"1190","Atk602",NA,NA,NA,NA
"1191","Atk603",NA,NA,NA,NA
"1192","Atk604",NA,NA,NA,NA
"1193","Atk605",25.7568184663369,-15.6016440106876,0.412248029673351,1.67606978709428e-07
"1194","Atk606",NA,NA,NA,NA
"1195","Atk607",NA,NA,NA,NA
"1196","Atk608",NA,NA,NA,NA
"1197","Atk609",NA,NA,NA,NA
"1198","Atk610",NA,NA,NA,NA
"1199","Atk611",NA,NA,NA,NA
"1200","Atk612",NA,NA,NA,NA
"1201","Atk613",NA,NA,NA,NA
"1202","Atk614",NA,NA,NA,NA
"1203","Atk615",NA,NA,NA,NA
"1204","Atk616",NA,NA,NA,NA
"1205","Atk617",NA,NA,NA,NA
"1206","Atk618",NA,NA,NA,NA
"1207","Atk619",NA,NA,NA,NA
"1208","Atk620",NA,NA,NA,NA
"1209","Atk621",NA,NA,NA,NA
"1210","Atk622",NA,NA,NA,NA
"1211","Atk623",NA,NA,NA,NA
"1212","Atk624",NA,NA,NA,NA
"1213","Atk625",NA,NA,NA,NA
"1214","Atk626",NA,NA,NA,NA
"1215","Atk628",NA,NA,NA,NA
"1216","Atk629",NA,NA,NA,NA
"1217","Atk630",NA,NA,NA,NA
"1218","Atk631",NA,NA,NA,NA
"1219","Atk633",NA,NA,NA,NA
"1220","Atk634",NA,NA,NA,NA
"1221","Atk635",NA,NA,NA,NA
"1222","Atk636",NA,NA,NA,NA
"1223","Atk637",NA,NA,NA,NA
"1224","Atk638",NA,NA,NA,NA
"1225","Atk639",NA,NA,NA,NA
"1226","Atk64",NA,NA,NA,NA
"1227","Atk640",NA,NA,NA,NA
"1228","Atk641",NA,NA,NA,NA
"1229","Atk642",NA,NA,NA,NA
"1230","Atk643",NA,NA,NA,NA
"1231","Atk644",NA,NA,NA,NA
"1232","Atk645",NA,NA,NA,NA
"1233","Atk647",NA,NA,NA,NA
"1234","Atk648",NA,NA,NA,NA
"1235","Atk649",NA,NA,NA,NA
"1236","Atk65",116.255479438078,-15.6510821958659,0.414515176871649,1.59522286714368e-07
"1237","Atk650",NA,NA,NA,NA
"1238","Atk651",NA,NA,NA,NA
"1239","Atk652",NA,NA,NA,NA
"1240","Atk653",NA,NA,NA,NA
"1241","Atk654",NA,NA,NA,NA
"1242","Atk655",NA,NA,NA,NA
"1243","Atk656",NA,NA,NA,NA
"1244","Atk657",NA,NA,NA,NA
"1245","Atk658",NA,NA,NA,NA
"1246","Atk659",NA,NA,NA,NA
"1247","Atk66",NA,NA,NA,NA
"1248","Atk660",NA,NA,NA,NA
"1249","Atk661",NA,NA,NA,NA
"1250","Atk662",NA,NA,NA,NA
"1251","Atk663",NA,NA,NA,NA
"1252","Atk664",NA,NA,NA,NA
"1253","Atk665",NA,NA,NA,NA
"1254","Atk666",NA,NA,NA,NA
"1255","Atk667",NA,NA,NA,NA
"1256","Atk668",NA,NA,NA,NA
"1257","Atk669",NA,NA,NA,NA
"1258","Atk67",NA,NA,NA,NA
"1259","Atk670",NA,NA,NA,NA
"1260","Atk671",50.2668311607872,-15.501703851421,0.445116651098179,1.8522327430797e-07
"1261","Atk672",NA,NA,NA,NA
"1262","Atk673",NA,NA,NA,NA
"1263","Atk68",NA,NA,NA,NA
"1264","Atk69",NA,NA,NA,NA
"1265","Atk7",NA,NA,NA,NA
"1266","Atk70",NA,NA,NA,NA
"1267","Atk71",NA,NA,NA,NA
"1268","Atk72",NA,NA,NA,NA
"1269","Atk74",NA,NA,NA,NA
"1270","Atk75",106.605750872367,-15.3342848911037,0.352000029695833,2.18980119212173e-07
"1271","Atk76",NA,NA,NA,NA
"1272","Atk77",NA,NA,NA,NA
"1273","Atk78",NA,NA,NA,NA
"1274","Atk79",98.1110178711537,-15.5154817301358,0.328112687014851,1.82688790497934e-07
"1275","Atk80",NA,NA,NA,NA
"1276","Atk81",84.1338497722453,-15.5382545546819,0.407640913084384,1.78575464514086e-07
"1277","Atk82",NA,NA,NA,NA
"1278","Atk83",NA,NA,NA,NA
"1279","Atk84",NA,NA,NA,NA
"1280","Atk85",8.33393529440873,-14.7359624709139,0.269051264512399,3.98338985856867e-07
"1281","Atk86",NA,NA,NA,NA
"1282","Atk87",NA,NA,NA,NA
"1283","Atk88",NA,NA,NA,NA
"1284","Atk90",65.8237930342307,-14.6998809591907,0.272639571594341,4.12974099432386e-07
"1285","Atk91",105.480469015317,-14.3602005469025,0.16984663164279,5.80021568573029e-07
"1286","Atk93",-3.77782183267815,-14.7383702691345,0.295791384410096,3.97381019712944e-07
"1287","Atk94",48.6433624248045,-14.1713578299751,0.19271016009371,7.00579610179991e-07
"1288","Atk95",NA,NA,NA,NA
"1289","Atk96",NA,NA,NA,NA
"1290","Atk97",NA,NA,NA,NA
"1291","Atk98",NA,NA,NA,NA
"1292","Atk99",NA,NA,NA,NA
"1293","MR035",-19.2761970320122,-15.3477330609152,0.3634219084054,2.16054950551505e-07
"1294","MR036",-4.6816900489971,-15.9536880739753,0.447289577274365,1.17869462600375e-07
"1295","MR037",-5.60814038146658,-14.8988088356296,0.44070021322863,3.3847729044628e-07
"1296","MR038",-3.53512341855235,-14.6616384302044,0.407706719902255,4.29073145507227e-07
"1297","MR039",-4.08185246919309,-16.306122704529,0.645070003595615,8.28592290549392e-08
"1298","MR040",141.683170298529,-15.4668313923579,0.450921119183519,1.91796409947885e-07
"1299","MR041",285.664685024404,-14.2187047878284,0.432831560895113,6.68182305760618e-07
"1300","MR042",87.8495883705402,-14.2623563999237,0.439577635764377,6.39642506710214e-07
"1301","MR043",-1.31122074467809,-14.2518441005367,0.464201701246827,6.46402087360073e-07
"1302","MR052",NA,NA,NA,NA
"1303","MR053",NA,NA,NA,NA
"1304","MR056",NA,NA,NA,NA
"1305","MR057",NA,NA,NA,NA
"1306","MR060",NA,NA,NA,NA
"1307","MR061",NA,NA,NA,NA
"1308","MR064",NA,NA,NA,NA
"1309","MR065",NA,NA,NA,NA
"1310","MR066",NA,NA,NA,NA
"1311","MR067",NA,NA,NA,NA
"1312","MR098",-6.47866994077977,-11.0245680653408,0.0402098859349691,1.62963717762787e-05
"1313","MR138",-65.9903167259057,-12.4128783162103,0.551971708979935,4.06588829447781e-06
"1314","MR139",-78.3563753050638,-12.8213494552242,0.565879827674655,2.70245630689761e-06
"1315","MR140",-72.9275499779612,-12.9334063925652,0.571381939980964,2.41597797904908e-06
"1316","MR141",-73.432726979326,-12.9377668050821,0.563904922533304,2.40546625281531e-06
"1317","MR150",2.52526585701227,-10.9967433117503,0.13930237447194,1.67561816884571e-05
"1318","MR151",1.90323899477518,-11.7030428459808,0.10305794740383,8.2686207034132e-06
"1319","MR152",11.0536224819434,-13.5438644338841,0.187114120020181,1.31212259055541e-06
"1320","MR196",NA,NA,NA,NA
"1321","MR198",NA,NA,NA,NA
"1322","MR199",NA,NA,NA,NA
"1323","MR260",15.0603942223773,-17.725684521803,0.828317723485808,2.00370150424188e-08
"1324","MR261",-11.5514422067983,-14.4460155996157,0.34567605562358,5.32322887876037e-07
"1325","MR262",-4.15472131149111,-16.8328864080798,0.7694221723161,4.89294482471751e-08
"1326","MR263",-0.888151128700157,-16.001333460271,0.450330346959614,1.12385213540535e-07
"1327","MR269",-13.6209030357121,-15.3885098700542,0.348651685878309,2.07422124765483e-07
"1328","MR271",10.9277910963618,-17.7660573539793,0.745106224480978,1.9244176259104e-08
"1329","MR272",25.4635248180965,-15.0088350746288,0.57976612903329,3.03211554732354e-07
"1330","MR273",30.2504826953449,-15.6452765932043,0.678593686695287,1.60451103287875e-07
"1331","MR274",13.7714143588857,-16.1492215068307,1.02141428956813,9.69353566559812e-08
"1332","MR275",14.9137636285792,-16.556681657794,0.886515984807827,6.44947728319416e-08
"1333","MR276",14.6734813300486,-14.9993639137106,0.707267894664441,3.06096962671823e-07
"1334","MR277",12.1674222919045,-15.1170439885651,0.621573693579253,2.72114204696081e-07
"1335","MR278",-9.55063236606635,-14.9247186616733,0.542207247443699,3.29820040954573e-07
"1336","MR279",12.5101277398132,-15.2058860599843,0.538274717370448,2.48981793909466e-07
"1337","MR280",14.514615064291,-14.0548873369046,0.395753999746522,7.87118256912369e-07
"1338","MR281",9.38164982317566,-14.7186986024629,0.547991051712131,4.05275561491013e-07
"1339","MR282",23.0893910765621,-14.2965201379133,0.45081856849682,6.18158995742877e-07
"1340","MR284",-13.0524975179985,-13.394299662186,0.638981633141575,1.52380560869371e-06
"1341","MR285",-18.1528096761339,-13.3881532530862,0.5343603951481,1.53320038384258e-06
"1342","MR286",-13.0829361146558,-13.4409658531726,0.441717027353184,1.4543291147814e-06
"1343","MR287",-18.4605608666253,-13.4974182160624,0.445408450437255,1.37450317960522e-06
"1344","MR288",-20.1063348518272,-12.7471034550479,0.67219908025046,2.9107392971376e-06
"1345","MR289",20.8233099922321,-14.9144134549006,0.34582643539831,3.33236477984768e-07
"1346","MR290",22.4350065923777,-14.7474927006331,0.230291336391414,3.93772423194267e-07
"1347","MR291",7.80908997072131,-15.417946199304,0.409113630903092,2.0140536886345e-07
"1348","MR292",13.4581174912074,-14.6357503194931,0.25493745861364,4.40326068597388e-07
"1349","MR293",20.7614415422683,-14.8396290711558,0.297800425473173,3.59112879193952e-07
"1350","MR294",3.00833401166316,-14.890820353765,0.310210306781994,3.41192039065677e-07
"1351","MR295",25.1492470152516,-14.718364221356,0.23428297004164,4.05411100641471e-07
"1352","MR296",25.6631536977433,-14.5404181033578,0.163476825601994,4.84369349062812e-07
"1353","India11",3.30224202032483,-10.7492097660923,0.0795369857824929,2.14623619031719e-05
"1354","India13",17.6300198054147,-12.2032320909178,0.35870731950291,5.01422296405138e-06
"1355","India17",1.45375714992572,-12.0562678809121,0.278439395614561,5.80803716858731e-06
"1356","India18",5.29269032198897,-11.2193064953498,0.0792607352063997,1.34127274062735e-05
"1357","India19",11.7776810168344,-12.4002170864253,0.385652076815265,4.11769471487609e-06
"1358","India25",-1.14202687913386,-11.0539697000444,0.190144159501072,1.58242070273709e-05
"1359","India26",0.487801364059385,-10.7166361490449,0.101084674178763,2.21729795221021e-05
"1360","India27",-2.1573021372976,-11.2857859105043,0.208679637711447,1.25500499727207e-05
"1361","India28",2.3657502052368,-10.9842194201555,0.073104470206119,1.69673538801333e-05
"1362","India29",-0.265979950120116,-11.1884585320573,0.11035969454105,1.38329306140444e-05
"1363","India31",-3.3744352731596,-11.155196039688,0.057741379942023,1.4300786250063e-05
"1364","India41",9.8211289737149,-12.066902106745,0.190118160087094,5.74660043471397e-06
"1365","India42",12.4294500512985,-12.2267417265054,0.333156792601675,4.89771530188035e-06
"1366","India48",6.87266599712502,-12.4082564845623,0.519903770263548,4.0847236390415e-06
"1367","India49",8.6802023136272,-13.3880356343915,0.656381718737119,1.53338072747598e-06
"1368","India50",10.1314664304045,-13.9775747745681,0.698697904649641,8.50386593847824e-07
"1369","India51",4.07760959277865,-15.9760650333291,0.816327782202492,1.1526119382417e-07
"1370","India63",2.05501913487051,-10.7190115670011,0.098457826105424,2.21203719356429e-05
"1371","India64",5.00932038948572,-10.7895041646112,0.104699088222171,2.06147408132383e-05
"1372","India67",-2.05273539970413,-11.6039892864676,0.0440769300046042,9.12959442601216e-06
"1373","India68",-6.99467175978116,-11.5044102390564,0.168632014569774,1.00855158357462e-05
"1374","India69",-8.44479957361885,-11.5200257430931,0.256491644120615,9.92924869298707e-06
"1375","India72",NA,NA,NA,NA
"1376","India73",NA,NA,NA,NA
"1377","India76",16.613240401116,-14.1808948983536,0.47714331624795,6.93929894332864e-07
